2026-02-04 09:40:21 INFO  org.hibernate.Version - HHH000412: Hibernate ORM core version 7.0.8.Final
2026-02-04 09:40:21 INFO  org.hibernate.cfg.Environment - HHH000205: Loaded properties from resource hibernate.properties: {hibernate.connection.driver_class=org.h2.Driver, hibernate.hbm2ddl.auto=create, hibernate.dialect=org.hibernate.dialect.H2Dialect, hibernate.connection.password=****, hibernate.connection.username=sa, hibernate.connection.url=jdbc:h2:mem:./data/scoreboard_db;DB_CLOSE_DELAY=-1, hibernate.connection.pool_size=10, hibernate.current_session_context_class=thread}
2026-02-04 09:40:21 WARN  o.hibernate.orm.connections.pooling - HHH10001002: Using built-in connection pool (not intended for production use)
2026-02-04 09:40:22 WARN  org.hibernate.orm.deprecation - HHH90000025: H2Dialect does not need to be specified explicitly using 'hibernate.dialect' (remove the property setting and it will be selected by default)
2026-02-04 09:40:22 INFO  o.hibernate.orm.connections.pooling - HHH10001005: Database info:
	Database JDBC URL [jdbc:h2:mem:./data/scoreboard_db;DB_CLOSE_DELAY=-1]
	Database driver: org.h2.Driver
	Database version: 2.3.232
	Autocommit mode: false
	Isolation level: undefined/unknown
	Pool: DriverManagerConnectionProviderImpl
	Minimum pool size: 1
	Maximum pool size: 10
2026-02-04 09:40:23 DEBUG org.hibernate.SQL - drop table if exists Matches cascade 
2026-02-04 09:40:23 INFO  o.hibernate.orm.connections.access - HHH10001501: Connection obtained from JdbcConnectionAccess [org.hibernate.engine.jdbc.env.internal.JdbcEnvironmentInitiator$ConnectionProviderJdbcConnectionAccess@138a85d3] for (non-JTA) DDL execution was not in auto-commit mode; the Connection 'local transaction' will be committed and the Connection will be set into auto-commit mode.
2026-02-04 09:40:23 DEBUG org.hibernate.SQL - drop table if exists Players cascade 
2026-02-04 09:40:23 DEBUG org.hibernate.SQL - create table Matches (first_player bigint, id BIGINT generated by default as identity, second_player bigint, winner bigint, primary key (id))
2026-02-04 09:40:23 INFO  o.hibernate.orm.connections.access - HHH10001501: Connection obtained from JdbcConnectionAccess [org.hibernate.engine.jdbc.env.internal.JdbcEnvironmentInitiator$ConnectionProviderJdbcConnectionAccess@e881e46] for (non-JTA) DDL execution was not in auto-commit mode; the Connection 'local transaction' will be committed and the Connection will be set into auto-commit mode.
2026-02-04 09:40:23 DEBUG org.hibernate.SQL - create table Players (id bigint generated by default as identity, name VARCHAR not null unique, primary key (id))
2026-02-04 09:40:23 DEBUG org.hibernate.SQL - alter table if exists Matches add constraint FKn85v5k7x6k5ttvm386a04y703 foreign key (first_player) references Players
2026-02-04 09:40:23 DEBUG org.hibernate.SQL - alter table if exists Matches add constraint FKifkkjnajnfuje5l925oq6qqua foreign key (second_player) references Players
2026-02-04 09:40:23 DEBUG org.hibernate.SQL - alter table if exists Matches add constraint FKppea4u7g9w0udc45cclufj64u foreign key (winner) references Players
2026-02-04 09:46:15 INFO  org.hibernate.Version - HHH000412: Hibernate ORM core version 7.0.8.Final
2026-02-04 09:46:15 INFO  org.hibernate.cfg.Environment - HHH000205: Loaded properties from resource hibernate.properties: {hibernate.connection.driver_class=org.h2.Driver, hibernate.hbm2ddl.auto=create, hibernate.dialect=org.hibernate.dialect.H2Dialect, hibernate.connection.password=****, hibernate.connection.username=sa, hibernate.connection.url=jdbc:h2:mem:./data/scoreboard_db;DB_CLOSE_DELAY=-1, hibernate.connection.pool_size=10, hibernate.current_session_context_class=thread}
2026-02-04 09:46:15 WARN  o.hibernate.orm.connections.pooling - HHH10001002: Using built-in connection pool (not intended for production use)
2026-02-04 09:46:15 WARN  org.hibernate.orm.deprecation - HHH90000025: H2Dialect does not need to be specified explicitly using 'hibernate.dialect' (remove the property setting and it will be selected by default)
2026-02-04 09:46:15 INFO  o.hibernate.orm.connections.pooling - HHH10001005: Database info:
	Database JDBC URL [jdbc:h2:mem:./data/scoreboard_db;DB_CLOSE_DELAY=-1]
	Database driver: org.h2.Driver
	Database version: 2.3.232
	Autocommit mode: false
	Isolation level: undefined/unknown
	Pool: DriverManagerConnectionProviderImpl
	Minimum pool size: 1
	Maximum pool size: 10
2026-02-04 09:46:16 DEBUG org.hibernate.SQL - drop table if exists Matches cascade 
2026-02-04 09:46:16 INFO  o.hibernate.orm.connections.access - HHH10001501: Connection obtained from JdbcConnectionAccess [org.hibernate.engine.jdbc.env.internal.JdbcEnvironmentInitiator$ConnectionProviderJdbcConnectionAccess@138a85d3] for (non-JTA) DDL execution was not in auto-commit mode; the Connection 'local transaction' will be committed and the Connection will be set into auto-commit mode.
2026-02-04 09:46:16 DEBUG org.hibernate.SQL - drop table if exists Players cascade 
2026-02-04 09:46:16 DEBUG org.hibernate.SQL - create table Matches (first_player bigint, id BIGINT generated by default as identity, second_player bigint, winner bigint, primary key (id))
2026-02-04 09:46:16 INFO  o.hibernate.orm.connections.access - HHH10001501: Connection obtained from JdbcConnectionAccess [org.hibernate.engine.jdbc.env.internal.JdbcEnvironmentInitiator$ConnectionProviderJdbcConnectionAccess@e881e46] for (non-JTA) DDL execution was not in auto-commit mode; the Connection 'local transaction' will be committed and the Connection will be set into auto-commit mode.
2026-02-04 09:46:16 DEBUG org.hibernate.SQL - create table Players (id bigint generated by default as identity, name VARCHAR not null unique, primary key (id))
2026-02-04 09:46:16 DEBUG org.hibernate.SQL - alter table if exists Matches add constraint FKn85v5k7x6k5ttvm386a04y703 foreign key (first_player) references Players
2026-02-04 09:46:16 DEBUG org.hibernate.SQL - alter table if exists Matches add constraint FKifkkjnajnfuje5l925oq6qqua foreign key (second_player) references Players
2026-02-04 09:46:16 DEBUG org.hibernate.SQL - alter table if exists Matches add constraint FKppea4u7g9w0udc45cclufj64u foreign key (winner) references Players
2026-02-04 09:47:30 INFO  org.hibernate.Version - HHH000412: Hibernate ORM core version 7.0.8.Final
2026-02-04 09:47:30 INFO  org.hibernate.cfg.Environment - HHH000205: Loaded properties from resource hibernate.properties: {hibernate.connection.driver_class=org.h2.Driver, hibernate.hbm2ddl.auto=create, hibernate.dialect=org.hibernate.dialect.H2Dialect, hibernate.connection.password=****, hibernate.connection.username=sa, hibernate.connection.url=jdbc:h2:mem:./data/scoreboard_db;DB_CLOSE_DELAY=-1, hibernate.connection.pool_size=10, hibernate.current_session_context_class=thread}
2026-02-04 09:47:31 WARN  o.hibernate.orm.connections.pooling - HHH10001002: Using built-in connection pool (not intended for production use)
2026-02-04 09:47:31 WARN  org.hibernate.orm.deprecation - HHH90000025: H2Dialect does not need to be specified explicitly using 'hibernate.dialect' (remove the property setting and it will be selected by default)
2026-02-04 09:47:31 INFO  o.hibernate.orm.connections.pooling - HHH10001005: Database info:
	Database JDBC URL [jdbc:h2:mem:./data/scoreboard_db;DB_CLOSE_DELAY=-1]
	Database driver: org.h2.Driver
	Database version: 2.3.232
	Autocommit mode: false
	Isolation level: undefined/unknown
	Pool: DriverManagerConnectionProviderImpl
	Minimum pool size: 1
	Maximum pool size: 10
2026-02-04 09:47:32 DEBUG org.hibernate.SQL - drop table if exists Matches cascade 
2026-02-04 09:47:32 INFO  o.hibernate.orm.connections.access - HHH10001501: Connection obtained from JdbcConnectionAccess [org.hibernate.engine.jdbc.env.internal.JdbcEnvironmentInitiator$ConnectionProviderJdbcConnectionAccess@5103eea2] for (non-JTA) DDL execution was not in auto-commit mode; the Connection 'local transaction' will be committed and the Connection will be set into auto-commit mode.
2026-02-04 09:47:32 DEBUG org.hibernate.SQL - drop table if exists Players cascade 
2026-02-04 09:47:32 DEBUG org.hibernate.SQL - create table Matches (first_player bigint, id BIGINT generated by default as identity, second_player bigint, winner bigint, primary key (id))
2026-02-04 09:47:32 INFO  o.hibernate.orm.connections.access - HHH10001501: Connection obtained from JdbcConnectionAccess [org.hibernate.engine.jdbc.env.internal.JdbcEnvironmentInitiator$ConnectionProviderJdbcConnectionAccess@2a6fb62f] for (non-JTA) DDL execution was not in auto-commit mode; the Connection 'local transaction' will be committed and the Connection will be set into auto-commit mode.
2026-02-04 09:47:32 DEBUG org.hibernate.SQL - create table Players (id bigint generated by default as identity, name VARCHAR not null unique, primary key (id))
2026-02-04 09:47:32 DEBUG org.hibernate.SQL - alter table if exists Matches add constraint FKn85v5k7x6k5ttvm386a04y703 foreign key (first_player) references Players
2026-02-04 09:47:32 DEBUG org.hibernate.SQL - alter table if exists Matches add constraint FKifkkjnajnfuje5l925oq6qqua foreign key (second_player) references Players
2026-02-04 09:47:32 DEBUG org.hibernate.SQL - alter table if exists Matches add constraint FKppea4u7g9w0udc45cclufj64u foreign key (winner) references Players
2026-02-04 09:49:42 INFO  org.hibernate.Version - HHH000412: Hibernate ORM core version 7.0.8.Final
2026-02-04 09:49:42 INFO  org.hibernate.cfg.Environment - HHH000205: Loaded properties from resource hibernate.properties: {hibernate.connection.driver_class=org.h2.Driver, hibernate.hbm2ddl.auto=create, hibernate.dialect=org.hibernate.dialect.H2Dialect, hibernate.connection.password=****, hibernate.connection.username=sa, hibernate.connection.url=jdbc:h2:mem:./data/scoreboard_db;DB_CLOSE_DELAY=-1, hibernate.connection.pool_size=10, hibernate.current_session_context_class=thread}
2026-02-04 09:49:43 WARN  o.hibernate.orm.connections.pooling - HHH10001002: Using built-in connection pool (not intended for production use)
2026-02-04 09:49:43 WARN  org.hibernate.orm.deprecation - HHH90000025: H2Dialect does not need to be specified explicitly using 'hibernate.dialect' (remove the property setting and it will be selected by default)
2026-02-04 09:49:43 INFO  o.hibernate.orm.connections.pooling - HHH10001005: Database info:
	Database JDBC URL [jdbc:h2:mem:./data/scoreboard_db;DB_CLOSE_DELAY=-1]
	Database driver: org.h2.Driver
	Database version: 2.3.232
	Autocommit mode: false
	Isolation level: undefined/unknown
	Pool: DriverManagerConnectionProviderImpl
	Minimum pool size: 1
	Maximum pool size: 10
2026-02-04 09:49:44 DEBUG org.hibernate.SQL - drop table if exists Matches cascade 
2026-02-04 09:49:44 INFO  o.hibernate.orm.connections.access - HHH10001501: Connection obtained from JdbcConnectionAccess [org.hibernate.engine.jdbc.env.internal.JdbcEnvironmentInitiator$ConnectionProviderJdbcConnectionAccess@2a6fb62f] for (non-JTA) DDL execution was not in auto-commit mode; the Connection 'local transaction' will be committed and the Connection will be set into auto-commit mode.
2026-02-04 09:49:44 DEBUG org.hibernate.SQL - drop table if exists Players cascade 
2026-02-04 09:49:44 DEBUG org.hibernate.SQL - create table Matches (first_player bigint, id BIGINT generated by default as identity, second_player bigint, winner bigint, primary key (id))
2026-02-04 09:49:44 INFO  o.hibernate.orm.connections.access - HHH10001501: Connection obtained from JdbcConnectionAccess [org.hibernate.engine.jdbc.env.internal.JdbcEnvironmentInitiator$ConnectionProviderJdbcConnectionAccess@6dded900] for (non-JTA) DDL execution was not in auto-commit mode; the Connection 'local transaction' will be committed and the Connection will be set into auto-commit mode.
2026-02-04 09:49:44 DEBUG org.hibernate.SQL - create table Players (id bigint generated by default as identity, name VARCHAR not null unique, primary key (id))
2026-02-04 09:49:44 DEBUG org.hibernate.SQL - alter table if exists Matches add constraint FKn85v5k7x6k5ttvm386a04y703 foreign key (first_player) references Players
2026-02-04 09:49:44 DEBUG org.hibernate.SQL - alter table if exists Matches add constraint FKifkkjnajnfuje5l925oq6qqua foreign key (second_player) references Players
2026-02-04 09:49:44 DEBUG org.hibernate.SQL - alter table if exists Matches add constraint FKppea4u7g9w0udc45cclufj64u foreign key (winner) references Players
2026-02-04 09:49:44 DEBUG org.hibernate.SQL - select p1_0.id,p1_0.name from Players p1_0 where p1_0.name in (?,?)
2026-02-04 09:49:44 DEBUG org.hibernate.SQL - insert into Players (name,id) values (?,default)
2026-02-04 09:49:44 DEBUG org.hibernate.SQL - insert into Players (name,id) values (?,default)
2026-02-04 09:49:44 DEBUG org.hibernate.SQL - insert into Matches (first_player,second_player,winner,id) values (?,?,?,default)
2026-02-04 09:52:03 INFO  org.hibernate.Version - HHH000412: Hibernate ORM core version 7.0.8.Final
2026-02-04 09:52:03 INFO  org.hibernate.cfg.Environment - HHH000205: Loaded properties from resource hibernate.properties: {hibernate.connection.driver_class=org.h2.Driver, hibernate.hbm2ddl.auto=create, hibernate.dialect=org.hibernate.dialect.H2Dialect, hibernate.connection.password=****, hibernate.connection.username=sa, hibernate.connection.url=jdbc:h2:mem:./data/scoreboard_db;DB_CLOSE_DELAY=-1, hibernate.connection.pool_size=10, hibernate.current_session_context_class=thread}
2026-02-04 09:52:03 WARN  o.hibernate.orm.connections.pooling - HHH10001002: Using built-in connection pool (not intended for production use)
2026-02-04 09:52:03 WARN  org.hibernate.orm.deprecation - HHH90000025: H2Dialect does not need to be specified explicitly using 'hibernate.dialect' (remove the property setting and it will be selected by default)
2026-02-04 09:52:03 INFO  o.hibernate.orm.connections.pooling - HHH10001005: Database info:
	Database JDBC URL [jdbc:h2:mem:./data/scoreboard_db;DB_CLOSE_DELAY=-1]
	Database driver: org.h2.Driver
	Database version: 2.3.232
	Autocommit mode: false
	Isolation level: undefined/unknown
	Pool: DriverManagerConnectionProviderImpl
	Minimum pool size: 1
	Maximum pool size: 10
2026-02-04 09:52:04 DEBUG org.hibernate.SQL - drop table if exists Matches cascade 
2026-02-04 09:52:04 INFO  o.hibernate.orm.connections.access - HHH10001501: Connection obtained from JdbcConnectionAccess [org.hibernate.engine.jdbc.env.internal.JdbcEnvironmentInitiator$ConnectionProviderJdbcConnectionAccess@2a6fb62f] for (non-JTA) DDL execution was not in auto-commit mode; the Connection 'local transaction' will be committed and the Connection will be set into auto-commit mode.
2026-02-04 09:52:04 DEBUG org.hibernate.SQL - drop table if exists Players cascade 
2026-02-04 09:52:04 DEBUG org.hibernate.SQL - create table Matches (first_player bigint, id BIGINT generated by default as identity, second_player bigint, winner bigint, primary key (id))
2026-02-04 09:52:04 INFO  o.hibernate.orm.connections.access - HHH10001501: Connection obtained from JdbcConnectionAccess [org.hibernate.engine.jdbc.env.internal.JdbcEnvironmentInitiator$ConnectionProviderJdbcConnectionAccess@6dded900] for (non-JTA) DDL execution was not in auto-commit mode; the Connection 'local transaction' will be committed and the Connection will be set into auto-commit mode.
2026-02-04 09:52:04 DEBUG org.hibernate.SQL - create table Players (id bigint generated by default as identity, name VARCHAR not null unique, primary key (id))
2026-02-04 09:52:04 DEBUG org.hibernate.SQL - alter table if exists Matches add constraint FKn85v5k7x6k5ttvm386a04y703 foreign key (first_player) references Players
2026-02-04 09:52:04 DEBUG org.hibernate.SQL - alter table if exists Matches add constraint FKifkkjnajnfuje5l925oq6qqua foreign key (second_player) references Players
2026-02-04 09:52:04 DEBUG org.hibernate.SQL - alter table if exists Matches add constraint FKppea4u7g9w0udc45cclufj64u foreign key (winner) references Players
2026-02-04 09:52:04 DEBUG org.hibernate.SQL - select p1_0.id,p1_0.name from Players p1_0 where p1_0.name in (?,?)
2026-02-04 09:52:04 DEBUG org.hibernate.SQL - insert into Players (name,id) values (?,default)
2026-02-04 09:52:04 DEBUG org.hibernate.SQL - insert into Players (name,id) values (?,default)
2026-02-04 09:52:04 DEBUG org.hibernate.SQL - insert into Matches (first_player,second_player,winner,id) values (?,?,?,default)
2026-02-04 09:52:04 DEBUG org.hibernate.SQL - select p1_0.id,p1_0.name from Players p1_0 where p1_0.name in (?,?)
2026-02-04 09:52:04 DEBUG org.hibernate.SQL - insert into Matches (first_player,second_player,winner,id) values (?,?,?,default)
2026-02-04 09:52:24 INFO  org.hibernate.Version - HHH000412: Hibernate ORM core version 7.0.8.Final
2026-02-04 09:52:24 INFO  org.hibernate.cfg.Environment - HHH000205: Loaded properties from resource hibernate.properties: {hibernate.connection.driver_class=org.h2.Driver, hibernate.hbm2ddl.auto=create, hibernate.dialect=org.hibernate.dialect.H2Dialect, hibernate.connection.password=****, hibernate.connection.username=sa, hibernate.connection.url=jdbc:h2:mem:./data/scoreboard_db;DB_CLOSE_DELAY=-1, hibernate.connection.pool_size=10, hibernate.current_session_context_class=thread}
2026-02-04 09:52:24 WARN  o.hibernate.orm.connections.pooling - HHH10001002: Using built-in connection pool (not intended for production use)
2026-02-04 09:52:24 WARN  org.hibernate.orm.deprecation - HHH90000025: H2Dialect does not need to be specified explicitly using 'hibernate.dialect' (remove the property setting and it will be selected by default)
2026-02-04 09:52:24 INFO  o.hibernate.orm.connections.pooling - HHH10001005: Database info:
	Database JDBC URL [jdbc:h2:mem:./data/scoreboard_db;DB_CLOSE_DELAY=-1]
	Database driver: org.h2.Driver
	Database version: 2.3.232
	Autocommit mode: false
	Isolation level: undefined/unknown
	Pool: DriverManagerConnectionProviderImpl
	Minimum pool size: 1
	Maximum pool size: 10
2026-02-04 09:52:25 DEBUG org.hibernate.SQL - drop table if exists Matches cascade 
2026-02-04 09:52:25 INFO  o.hibernate.orm.connections.access - HHH10001501: Connection obtained from JdbcConnectionAccess [org.hibernate.engine.jdbc.env.internal.JdbcEnvironmentInitiator$ConnectionProviderJdbcConnectionAccess@2a6fb62f] for (non-JTA) DDL execution was not in auto-commit mode; the Connection 'local transaction' will be committed and the Connection will be set into auto-commit mode.
2026-02-04 09:52:25 DEBUG org.hibernate.SQL - drop table if exists Players cascade 
2026-02-04 09:52:25 DEBUG org.hibernate.SQL - create table Matches (first_player bigint, id BIGINT generated by default as identity, second_player bigint, winner bigint, primary key (id))
2026-02-04 09:52:25 INFO  o.hibernate.orm.connections.access - HHH10001501: Connection obtained from JdbcConnectionAccess [org.hibernate.engine.jdbc.env.internal.JdbcEnvironmentInitiator$ConnectionProviderJdbcConnectionAccess@6dded900] for (non-JTA) DDL execution was not in auto-commit mode; the Connection 'local transaction' will be committed and the Connection will be set into auto-commit mode.
2026-02-04 09:52:25 DEBUG org.hibernate.SQL - create table Players (id bigint generated by default as identity, name VARCHAR not null unique, primary key (id))
2026-02-04 09:52:25 DEBUG org.hibernate.SQL - alter table if exists Matches add constraint FKn85v5k7x6k5ttvm386a04y703 foreign key (first_player) references Players
2026-02-04 09:52:25 DEBUG org.hibernate.SQL - alter table if exists Matches add constraint FKifkkjnajnfuje5l925oq6qqua foreign key (second_player) references Players
2026-02-04 09:52:25 DEBUG org.hibernate.SQL - alter table if exists Matches add constraint FKppea4u7g9w0udc45cclufj64u foreign key (winner) references Players
2026-02-04 09:52:25 DEBUG org.hibernate.SQL - select p1_0.id,p1_0.name from Players p1_0 where p1_0.name in (?,?)
2026-02-04 09:52:25 DEBUG org.hibernate.SQL - insert into Players (name,id) values (?,default)
2026-02-04 09:52:25 DEBUG org.hibernate.SQL - insert into Players (name,id) values (?,default)
2026-02-04 09:52:25 DEBUG org.hibernate.SQL - insert into Matches (first_player,second_player,winner,id) values (?,?,?,default)
2026-02-04 09:52:25 DEBUG org.hibernate.SQL - select p1_0.id,p1_0.name from Players p1_0 where p1_0.name in (?,?)
2026-02-04 09:52:25 DEBUG org.hibernate.SQL - insert into Matches (first_player,second_player,winner,id) values (?,?,?,default)
2026-02-04 09:53:02 INFO  org.hibernate.Version - HHH000412: Hibernate ORM core version 7.0.8.Final
2026-02-04 09:53:02 INFO  org.hibernate.cfg.Environment - HHH000205: Loaded properties from resource hibernate.properties: {hibernate.connection.driver_class=org.h2.Driver, hibernate.hbm2ddl.auto=create, hibernate.dialect=org.hibernate.dialect.H2Dialect, hibernate.connection.password=****, hibernate.connection.username=sa, hibernate.connection.url=jdbc:h2:mem:./data/scoreboard_db;DB_CLOSE_DELAY=-1, hibernate.connection.pool_size=10, hibernate.current_session_context_class=thread}
2026-02-04 09:53:02 WARN  o.hibernate.orm.connections.pooling - HHH10001002: Using built-in connection pool (not intended for production use)
2026-02-04 09:53:02 WARN  org.hibernate.orm.deprecation - HHH90000025: H2Dialect does not need to be specified explicitly using 'hibernate.dialect' (remove the property setting and it will be selected by default)
2026-02-04 09:53:02 INFO  o.hibernate.orm.connections.pooling - HHH10001005: Database info:
	Database JDBC URL [jdbc:h2:mem:./data/scoreboard_db;DB_CLOSE_DELAY=-1]
	Database driver: org.h2.Driver
	Database version: 2.3.232
	Autocommit mode: false
	Isolation level: undefined/unknown
	Pool: DriverManagerConnectionProviderImpl
	Minimum pool size: 1
	Maximum pool size: 10
2026-02-04 09:53:03 DEBUG org.hibernate.SQL - drop table if exists Matches cascade 
2026-02-04 09:53:03 INFO  o.hibernate.orm.connections.access - HHH10001501: Connection obtained from JdbcConnectionAccess [org.hibernate.engine.jdbc.env.internal.JdbcEnvironmentInitiator$ConnectionProviderJdbcConnectionAccess@2a6fb62f] for (non-JTA) DDL execution was not in auto-commit mode; the Connection 'local transaction' will be committed and the Connection will be set into auto-commit mode.
2026-02-04 09:53:03 DEBUG org.hibernate.SQL - drop table if exists Players cascade 
2026-02-04 09:53:03 DEBUG org.hibernate.SQL - create table Matches (first_player bigint, id BIGINT generated by default as identity, second_player bigint, winner bigint, primary key (id))
2026-02-04 09:53:03 INFO  o.hibernate.orm.connections.access - HHH10001501: Connection obtained from JdbcConnectionAccess [org.hibernate.engine.jdbc.env.internal.JdbcEnvironmentInitiator$ConnectionProviderJdbcConnectionAccess@6dded900] for (non-JTA) DDL execution was not in auto-commit mode; the Connection 'local transaction' will be committed and the Connection will be set into auto-commit mode.
2026-02-04 09:53:03 DEBUG org.hibernate.SQL - create table Players (id bigint generated by default as identity, name VARCHAR not null unique, primary key (id))
2026-02-04 09:53:03 DEBUG org.hibernate.SQL - alter table if exists Matches add constraint FKn85v5k7x6k5ttvm386a04y703 foreign key (first_player) references Players
2026-02-04 09:53:03 DEBUG org.hibernate.SQL - alter table if exists Matches add constraint FKifkkjnajnfuje5l925oq6qqua foreign key (second_player) references Players
2026-02-04 09:53:03 DEBUG org.hibernate.SQL - alter table if exists Matches add constraint FKppea4u7g9w0udc45cclufj64u foreign key (winner) references Players
2026-02-04 09:53:03 DEBUG org.hibernate.SQL - select p1_0.id,p1_0.name from Players p1_0 where p1_0.name in (?,?)
2026-02-04 09:53:04 DEBUG org.hibernate.SQL - insert into Players (name,id) values (?,default)
2026-02-04 09:53:04 DEBUG org.hibernate.SQL - insert into Players (name,id) values (?,default)
2026-02-04 09:53:04 DEBUG org.hibernate.SQL - insert into Matches (first_player,second_player,winner,id) values (?,?,?,default)
2026-02-04 09:53:04 DEBUG org.hibernate.SQL - select p1_0.id,p1_0.name from Players p1_0 where p1_0.name in (?,?)
2026-02-04 09:53:04 DEBUG org.hibernate.SQL - insert into Players (name,id) values (?,default)
2026-02-04 09:53:04 DEBUG org.hibernate.SQL - insert into Matches (first_player,second_player,winner,id) values (?,?,?,default)
2026-02-04 09:58:26 INFO  org.hibernate.Version - HHH000412: Hibernate ORM core version 7.0.8.Final
2026-02-04 09:58:26 INFO  org.hibernate.cfg.Environment - HHH000205: Loaded properties from resource hibernate.properties: {hibernate.connection.driver_class=org.h2.Driver, hibernate.hbm2ddl.auto=create, hibernate.dialect=org.hibernate.dialect.H2Dialect, hibernate.connection.password=****, hibernate.connection.username=sa, hibernate.connection.url=jdbc:h2:mem:./data/scoreboard_db;DB_CLOSE_DELAY=-1, hibernate.connection.pool_size=10, hibernate.current_session_context_class=thread}
2026-02-04 09:58:26 WARN  o.hibernate.orm.connections.pooling - HHH10001002: Using built-in connection pool (not intended for production use)
2026-02-04 09:58:26 WARN  org.hibernate.orm.deprecation - HHH90000025: H2Dialect does not need to be specified explicitly using 'hibernate.dialect' (remove the property setting and it will be selected by default)
2026-02-04 09:58:26 INFO  o.hibernate.orm.connections.pooling - HHH10001005: Database info:
	Database JDBC URL [jdbc:h2:mem:./data/scoreboard_db;DB_CLOSE_DELAY=-1]
	Database driver: org.h2.Driver
	Database version: 2.3.232
	Autocommit mode: false
	Isolation level: undefined/unknown
	Pool: DriverManagerConnectionProviderImpl
	Minimum pool size: 1
	Maximum pool size: 10
2026-02-04 09:58:27 DEBUG org.hibernate.SQL - drop table if exists Matches cascade 
2026-02-04 09:58:27 INFO  o.hibernate.orm.connections.access - HHH10001501: Connection obtained from JdbcConnectionAccess [org.hibernate.engine.jdbc.env.internal.JdbcEnvironmentInitiator$ConnectionProviderJdbcConnectionAccess@9f9146d] for (non-JTA) DDL execution was not in auto-commit mode; the Connection 'local transaction' will be committed and the Connection will be set into auto-commit mode.
2026-02-04 09:58:27 DEBUG org.hibernate.SQL - drop table if exists Players cascade 
2026-02-04 09:58:27 DEBUG org.hibernate.SQL - create table Matches (first_player bigint, id BIGINT generated by default as identity, second_player bigint, winner bigint, primary key (id))
2026-02-04 09:58:27 INFO  o.hibernate.orm.connections.access - HHH10001501: Connection obtained from JdbcConnectionAccess [org.hibernate.engine.jdbc.env.internal.JdbcEnvironmentInitiator$ConnectionProviderJdbcConnectionAccess@3db1ce78] for (non-JTA) DDL execution was not in auto-commit mode; the Connection 'local transaction' will be committed and the Connection will be set into auto-commit mode.
2026-02-04 09:58:27 DEBUG org.hibernate.SQL - create table Players (id bigint generated by default as identity, name VARCHAR not null unique, primary key (id))
2026-02-04 09:58:27 DEBUG org.hibernate.SQL - alter table if exists Matches add constraint FKn85v5k7x6k5ttvm386a04y703 foreign key (first_player) references Players
2026-02-04 09:58:27 DEBUG org.hibernate.SQL - alter table if exists Matches add constraint FKifkkjnajnfuje5l925oq6qqua foreign key (second_player) references Players
2026-02-04 09:58:27 DEBUG org.hibernate.SQL - alter table if exists Matches add constraint FKppea4u7g9w0udc45cclufj64u foreign key (winner) references Players
2026-02-04 09:58:27 DEBUG org.hibernate.SQL - select p1_0.id,p1_0.name from Players p1_0 where p1_0.name in (?,?)
2026-02-04 09:58:27 DEBUG org.hibernate.SQL - insert into Players (name,id) values (?,default)
2026-02-04 09:58:27 DEBUG org.hibernate.SQL - insert into Players (name,id) values (?,default)
2026-02-04 09:58:27 DEBUG org.hibernate.SQL - insert into Matches (first_player,second_player,winner,id) values (?,?,?,default)
2026-02-04 09:58:27 DEBUG org.hibernate.SQL - select p1_0.id,p1_0.name from Players p1_0 where p1_0.name in (?,?)
2026-02-04 09:58:27 DEBUG org.hibernate.SQL - insert into Matches (first_player,second_player,winner,id) values (?,?,?,default)
2026-02-04 09:58:27 DEBUG org.hibernate.SQL - select p1_0.id,p1_0.name from Players p1_0 where p1_0.name in (?,?)
2026-02-04 09:58:27 DEBUG org.hibernate.SQL - insert into Matches (first_player,second_player,winner,id) values (?,?,?,default)
2026-02-04 09:58:27 DEBUG org.hibernate.SQL - select p1_0.id,p1_0.name from Players p1_0 where p1_0.name in (?,?)
2026-02-04 09:58:27 DEBUG org.hibernate.SQL - insert into Matches (first_player,second_player,winner,id) values (?,?,?,default)
2026-02-04 09:58:27 DEBUG org.hibernate.SQL - select p1_0.id,p1_0.name from Players p1_0 where p1_0.name in (?,?)
2026-02-04 09:58:27 DEBUG org.hibernate.SQL - insert into Matches (first_player,second_player,winner,id) values (?,?,?,default)
2026-02-04 09:59:02 INFO  org.hibernate.Version - HHH000412: Hibernate ORM core version 7.0.8.Final
2026-02-04 09:59:02 INFO  org.hibernate.cfg.Environment - HHH000205: Loaded properties from resource hibernate.properties: {hibernate.connection.driver_class=org.h2.Driver, hibernate.hbm2ddl.auto=create, hibernate.dialect=org.hibernate.dialect.H2Dialect, hibernate.connection.password=****, hibernate.connection.username=sa, hibernate.connection.url=jdbc:h2:mem:./data/scoreboard_db;DB_CLOSE_DELAY=-1, hibernate.connection.pool_size=10, hibernate.current_session_context_class=thread}
2026-02-04 09:59:02 WARN  o.hibernate.orm.connections.pooling - HHH10001002: Using built-in connection pool (not intended for production use)
2026-02-04 09:59:02 WARN  org.hibernate.orm.deprecation - HHH90000025: H2Dialect does not need to be specified explicitly using 'hibernate.dialect' (remove the property setting and it will be selected by default)
2026-02-04 09:59:02 INFO  o.hibernate.orm.connections.pooling - HHH10001005: Database info:
	Database JDBC URL [jdbc:h2:mem:./data/scoreboard_db;DB_CLOSE_DELAY=-1]
	Database driver: org.h2.Driver
	Database version: 2.3.232
	Autocommit mode: false
	Isolation level: undefined/unknown
	Pool: DriverManagerConnectionProviderImpl
	Minimum pool size: 1
	Maximum pool size: 10
2026-02-04 09:59:03 DEBUG org.hibernate.SQL - drop table if exists Matches cascade 
2026-02-04 09:59:03 INFO  o.hibernate.orm.connections.access - HHH10001501: Connection obtained from JdbcConnectionAccess [org.hibernate.engine.jdbc.env.internal.JdbcEnvironmentInitiator$ConnectionProviderJdbcConnectionAccess@2a6fb62f] for (non-JTA) DDL execution was not in auto-commit mode; the Connection 'local transaction' will be committed and the Connection will be set into auto-commit mode.
2026-02-04 09:59:03 DEBUG org.hibernate.SQL - drop table if exists Players cascade 
2026-02-04 09:59:03 DEBUG org.hibernate.SQL - create table Matches (first_player bigint, id BIGINT generated by default as identity, second_player bigint, winner bigint, primary key (id))
2026-02-04 09:59:03 INFO  o.hibernate.orm.connections.access - HHH10001501: Connection obtained from JdbcConnectionAccess [org.hibernate.engine.jdbc.env.internal.JdbcEnvironmentInitiator$ConnectionProviderJdbcConnectionAccess@6dded900] for (non-JTA) DDL execution was not in auto-commit mode; the Connection 'local transaction' will be committed and the Connection will be set into auto-commit mode.
2026-02-04 09:59:03 DEBUG org.hibernate.SQL - create table Players (id bigint generated by default as identity, name VARCHAR not null unique, primary key (id))
2026-02-04 09:59:03 DEBUG org.hibernate.SQL - alter table if exists Matches add constraint FKn85v5k7x6k5ttvm386a04y703 foreign key (first_player) references Players
2026-02-04 09:59:03 DEBUG org.hibernate.SQL - alter table if exists Matches add constraint FKifkkjnajnfuje5l925oq6qqua foreign key (second_player) references Players
2026-02-04 09:59:03 DEBUG org.hibernate.SQL - alter table if exists Matches add constraint FKppea4u7g9w0udc45cclufj64u foreign key (winner) references Players
2026-02-04 09:59:03 DEBUG org.hibernate.SQL - select p1_0.id,p1_0.name from Players p1_0 where p1_0.name in (?,?)
2026-02-04 09:59:03 DEBUG org.hibernate.SQL - insert into Players (name,id) values (?,default)
2026-02-04 09:59:03 DEBUG org.hibernate.SQL - insert into Players (name,id) values (?,default)
2026-02-04 09:59:03 DEBUG org.hibernate.SQL - insert into Matches (first_player,second_player,winner,id) values (?,?,?,default)
2026-02-04 10:06:40 INFO  org.hibernate.Version - HHH000412: Hibernate ORM core version 7.0.8.Final
2026-02-04 10:06:40 INFO  org.hibernate.cfg.Environment - HHH000205: Loaded properties from resource hibernate.properties: {hibernate.connection.driver_class=org.h2.Driver, hibernate.hbm2ddl.auto=create, hibernate.dialect=org.hibernate.dialect.H2Dialect, hibernate.connection.password=****, hibernate.connection.username=sa, hibernate.connection.url=jdbc:h2:mem:./data/scoreboard_db;DB_CLOSE_DELAY=-1, hibernate.connection.pool_size=10, hibernate.current_session_context_class=thread}
2026-02-04 10:06:40 WARN  o.hibernate.orm.connections.pooling - HHH10001002: Using built-in connection pool (not intended for production use)
2026-02-04 10:06:40 WARN  org.hibernate.orm.deprecation - HHH90000025: H2Dialect does not need to be specified explicitly using 'hibernate.dialect' (remove the property setting and it will be selected by default)
2026-02-04 10:06:40 INFO  o.hibernate.orm.connections.pooling - HHH10001005: Database info:
	Database JDBC URL [jdbc:h2:mem:./data/scoreboard_db;DB_CLOSE_DELAY=-1]
	Database driver: org.h2.Driver
	Database version: 2.3.232
	Autocommit mode: false
	Isolation level: undefined/unknown
	Pool: DriverManagerConnectionProviderImpl
	Minimum pool size: 1
	Maximum pool size: 10
2026-02-04 10:06:41 DEBUG org.hibernate.SQL - drop table if exists Matches cascade 
2026-02-04 10:06:41 INFO  o.hibernate.orm.connections.access - HHH10001501: Connection obtained from JdbcConnectionAccess [org.hibernate.engine.jdbc.env.internal.JdbcEnvironmentInitiator$ConnectionProviderJdbcConnectionAccess@6b3d9c38] for (non-JTA) DDL execution was not in auto-commit mode; the Connection 'local transaction' will be committed and the Connection will be set into auto-commit mode.
2026-02-04 10:06:41 DEBUG org.hibernate.SQL - drop table if exists Players cascade 
2026-02-04 10:06:41 DEBUG org.hibernate.SQL - create table Matches (first_player bigint, id BIGINT generated by default as identity, second_player bigint, winner bigint, primary key (id))
2026-02-04 10:06:41 INFO  o.hibernate.orm.connections.access - HHH10001501: Connection obtained from JdbcConnectionAccess [org.hibernate.engine.jdbc.env.internal.JdbcEnvironmentInitiator$ConnectionProviderJdbcConnectionAccess@99c4993] for (non-JTA) DDL execution was not in auto-commit mode; the Connection 'local transaction' will be committed and the Connection will be set into auto-commit mode.
2026-02-04 10:06:41 DEBUG org.hibernate.SQL - create table Players (id bigint generated by default as identity, name VARCHAR not null unique, primary key (id))
2026-02-04 10:06:41 DEBUG org.hibernate.SQL - alter table if exists Matches add constraint FKn85v5k7x6k5ttvm386a04y703 foreign key (first_player) references Players
2026-02-04 10:06:41 DEBUG org.hibernate.SQL - alter table if exists Matches add constraint FKifkkjnajnfuje5l925oq6qqua foreign key (second_player) references Players
2026-02-04 10:06:41 DEBUG org.hibernate.SQL - alter table if exists Matches add constraint FKppea4u7g9w0udc45cclufj64u foreign key (winner) references Players
2026-02-04 10:06:41 DEBUG org.hibernate.SQL - select p1_0.id,p1_0.name from Players p1_0 where p1_0.name in (?,?)
2026-02-04 10:06:42 DEBUG org.hibernate.SQL - insert into Players (name,id) values (?,default)
2026-02-04 10:06:42 DEBUG org.hibernate.SQL - insert into Players (name,id) values (?,default)
2026-02-04 10:06:42 DEBUG org.hibernate.SQL - insert into Matches (first_player,second_player,winner,id) values (?,?,?,default)
2026-02-04 10:06:42 DEBUG org.hibernate.SQL - select p1_0.id,p1_0.name from Players p1_0 where p1_0.name in (?,?)
2026-02-04 10:06:42 DEBUG org.hibernate.SQL - insert into Matches (first_player,second_player,winner,id) values (?,?,?,default)
2026-02-04 10:07:25 INFO  org.hibernate.Version - HHH000412: Hibernate ORM core version 7.0.8.Final
2026-02-04 10:07:25 INFO  org.hibernate.cfg.Environment - HHH000205: Loaded properties from resource hibernate.properties: {hibernate.connection.driver_class=org.h2.Driver, hibernate.hbm2ddl.auto=create, hibernate.dialect=org.hibernate.dialect.H2Dialect, hibernate.connection.password=****, hibernate.connection.username=sa, hibernate.connection.url=jdbc:h2:mem:./data/scoreboard_db;DB_CLOSE_DELAY=-1, hibernate.connection.pool_size=10, hibernate.current_session_context_class=thread}
2026-02-04 10:07:25 WARN  o.hibernate.orm.connections.pooling - HHH10001002: Using built-in connection pool (not intended for production use)
2026-02-04 10:07:26 WARN  org.hibernate.orm.deprecation - HHH90000025: H2Dialect does not need to be specified explicitly using 'hibernate.dialect' (remove the property setting and it will be selected by default)
2026-02-04 10:07:26 INFO  o.hibernate.orm.connections.pooling - HHH10001005: Database info:
	Database JDBC URL [jdbc:h2:mem:./data/scoreboard_db;DB_CLOSE_DELAY=-1]
	Database driver: org.h2.Driver
	Database version: 2.3.232
	Autocommit mode: false
	Isolation level: undefined/unknown
	Pool: DriverManagerConnectionProviderImpl
	Minimum pool size: 1
	Maximum pool size: 10
2026-02-04 10:07:26 DEBUG org.hibernate.SQL - drop table if exists Matches cascade 
2026-02-04 10:07:26 INFO  o.hibernate.orm.connections.access - HHH10001501: Connection obtained from JdbcConnectionAccess [org.hibernate.engine.jdbc.env.internal.JdbcEnvironmentInitiator$ConnectionProviderJdbcConnectionAccess@2a6fb62f] for (non-JTA) DDL execution was not in auto-commit mode; the Connection 'local transaction' will be committed and the Connection will be set into auto-commit mode.
2026-02-04 10:07:26 DEBUG org.hibernate.SQL - drop table if exists Players cascade 
2026-02-04 10:07:26 DEBUG org.hibernate.SQL - create table Matches (first_player bigint, id BIGINT generated by default as identity, second_player bigint, winner bigint, primary key (id))
2026-02-04 10:07:26 INFO  o.hibernate.orm.connections.access - HHH10001501: Connection obtained from JdbcConnectionAccess [org.hibernate.engine.jdbc.env.internal.JdbcEnvironmentInitiator$ConnectionProviderJdbcConnectionAccess@6dded900] for (non-JTA) DDL execution was not in auto-commit mode; the Connection 'local transaction' will be committed and the Connection will be set into auto-commit mode.
2026-02-04 10:07:26 DEBUG org.hibernate.SQL - create table Players (id bigint generated by default as identity, name VARCHAR not null unique, primary key (id))
2026-02-04 10:07:26 DEBUG org.hibernate.SQL - alter table if exists Matches add constraint FKn85v5k7x6k5ttvm386a04y703 foreign key (first_player) references Players
2026-02-04 10:07:26 DEBUG org.hibernate.SQL - alter table if exists Matches add constraint FKifkkjnajnfuje5l925oq6qqua foreign key (second_player) references Players
2026-02-04 10:07:26 DEBUG org.hibernate.SQL - alter table if exists Matches add constraint FKppea4u7g9w0udc45cclufj64u foreign key (winner) references Players
2026-02-04 10:07:27 DEBUG org.hibernate.SQL - select p1_0.id,p1_0.name from Players p1_0 where p1_0.name in (?,?)
2026-02-04 10:07:27 DEBUG org.hibernate.SQL - insert into Players (name,id) values (?,default)
2026-02-04 10:07:27 DEBUG org.hibernate.SQL - insert into Players (name,id) values (?,default)
2026-02-04 10:07:27 DEBUG org.hibernate.SQL - insert into Matches (first_player,second_player,winner,id) values (?,?,?,default)
2026-02-04 10:07:27 DEBUG org.hibernate.SQL - select p1_0.id,p1_0.name from Players p1_0 where p1_0.name in (?,?)
2026-02-04 10:07:27 DEBUG org.hibernate.SQL - insert into Matches (first_player,second_player,winner,id) values (?,?,?,default)
2026-02-04 10:08:33 INFO  org.hibernate.Version - HHH000412: Hibernate ORM core version 7.0.8.Final
2026-02-04 10:08:33 INFO  org.hibernate.cfg.Environment - HHH000205: Loaded properties from resource hibernate.properties: {hibernate.connection.driver_class=org.h2.Driver, hibernate.hbm2ddl.auto=create, hibernate.dialect=org.hibernate.dialect.H2Dialect, hibernate.connection.password=****, hibernate.connection.username=sa, hibernate.connection.url=jdbc:h2:mem:./data/scoreboard_db;DB_CLOSE_DELAY=-1, hibernate.connection.pool_size=10, hibernate.current_session_context_class=thread}
2026-02-04 10:08:34 WARN  o.hibernate.orm.connections.pooling - HHH10001002: Using built-in connection pool (not intended for production use)
2026-02-04 10:08:34 WARN  org.hibernate.orm.deprecation - HHH90000025: H2Dialect does not need to be specified explicitly using 'hibernate.dialect' (remove the property setting and it will be selected by default)
2026-02-04 10:08:34 INFO  o.hibernate.orm.connections.pooling - HHH10001005: Database info:
	Database JDBC URL [jdbc:h2:mem:./data/scoreboard_db;DB_CLOSE_DELAY=-1]
	Database driver: org.h2.Driver
	Database version: 2.3.232
	Autocommit mode: false
	Isolation level: undefined/unknown
	Pool: DriverManagerConnectionProviderImpl
	Minimum pool size: 1
	Maximum pool size: 10
2026-02-04 10:08:35 DEBUG org.hibernate.SQL - drop table if exists Matches cascade 
2026-02-04 10:08:35 INFO  o.hibernate.orm.connections.access - HHH10001501: Connection obtained from JdbcConnectionAccess [org.hibernate.engine.jdbc.env.internal.JdbcEnvironmentInitiator$ConnectionProviderJdbcConnectionAccess@54be6213] for (non-JTA) DDL execution was not in auto-commit mode; the Connection 'local transaction' will be committed and the Connection will be set into auto-commit mode.
2026-02-04 10:08:35 DEBUG org.hibernate.SQL - drop table if exists Players cascade 
2026-02-04 10:08:35 DEBUG org.hibernate.SQL - create table Matches (first_player bigint, id BIGINT generated by default as identity, second_player bigint, winner bigint, primary key (id))
2026-02-04 10:08:35 INFO  o.hibernate.orm.connections.access - HHH10001501: Connection obtained from JdbcConnectionAccess [org.hibernate.engine.jdbc.env.internal.JdbcEnvironmentInitiator$ConnectionProviderJdbcConnectionAccess@2ae5bd34] for (non-JTA) DDL execution was not in auto-commit mode; the Connection 'local transaction' will be committed and the Connection will be set into auto-commit mode.
2026-02-04 10:08:35 DEBUG org.hibernate.SQL - create table Players (id bigint generated by default as identity, name VARCHAR not null unique, primary key (id))
2026-02-04 10:08:35 DEBUG org.hibernate.SQL - alter table if exists Matches add constraint FKn85v5k7x6k5ttvm386a04y703 foreign key (first_player) references Players
2026-02-04 10:08:35 DEBUG org.hibernate.SQL - alter table if exists Matches add constraint FKifkkjnajnfuje5l925oq6qqua foreign key (second_player) references Players
2026-02-04 10:08:35 DEBUG org.hibernate.SQL - alter table if exists Matches add constraint FKppea4u7g9w0udc45cclufj64u foreign key (winner) references Players
2026-02-04 10:08:35 DEBUG org.hibernate.SQL - select p1_0.id,p1_0.name from Players p1_0 where p1_0.name in (?,?)
2026-02-04 10:08:35 DEBUG org.hibernate.SQL - insert into Players (name,id) values (?,default)
2026-02-04 10:08:35 DEBUG org.hibernate.SQL - insert into Players (name,id) values (?,default)
2026-02-04 10:08:35 DEBUG org.hibernate.SQL - insert into Matches (first_player,second_player,winner,id) values (?,?,?,default)
2026-02-04 10:08:35 DEBUG org.hibernate.SQL - select p1_0.id,p1_0.name from Players p1_0 where p1_0.name in (?,?)
2026-02-04 10:08:35 DEBUG org.hibernate.SQL - insert into Matches (first_player,second_player,winner,id) values (?,?,?,default)
2026-02-04 10:08:35 DEBUG org.hibernate.SQL - select p1_0.id,p1_0.name from Players p1_0 where p1_0.name in (?,?)
2026-02-04 10:08:35 DEBUG org.hibernate.SQL - insert into Matches (first_player,second_player,winner,id) values (?,?,?,default)
2026-02-04 10:08:35 DEBUG org.hibernate.SQL - select p1_0.id,p1_0.name from Players p1_0 where p1_0.name in (?,?)
2026-02-04 10:08:35 DEBUG org.hibernate.SQL - insert into Matches (first_player,second_player,winner,id) values (?,?,?,default)
2026-02-04 10:08:35 DEBUG org.hibernate.SQL - select p1_0.id,p1_0.name from Players p1_0 where p1_0.name in (?,?)
2026-02-04 10:08:35 DEBUG org.hibernate.SQL - insert into Matches (first_player,second_player,winner,id) values (?,?,?,default)
2026-02-04 10:09:36 INFO  org.hibernate.Version - HHH000412: Hibernate ORM core version 7.0.8.Final
2026-02-04 10:09:36 INFO  org.hibernate.cfg.Environment - HHH000205: Loaded properties from resource hibernate.properties: {hibernate.connection.driver_class=org.h2.Driver, hibernate.hbm2ddl.auto=create, hibernate.dialect=org.hibernate.dialect.H2Dialect, hibernate.connection.password=****, hibernate.connection.username=sa, hibernate.connection.url=jdbc:h2:mem:./data/scoreboard_db;DB_CLOSE_DELAY=-1, hibernate.connection.pool_size=10, hibernate.current_session_context_class=thread}
2026-02-04 10:09:36 WARN  o.hibernate.orm.connections.pooling - HHH10001002: Using built-in connection pool (not intended for production use)
2026-02-04 10:09:36 WARN  org.hibernate.orm.deprecation - HHH90000025: H2Dialect does not need to be specified explicitly using 'hibernate.dialect' (remove the property setting and it will be selected by default)
2026-02-04 10:09:36 INFO  o.hibernate.orm.connections.pooling - HHH10001005: Database info:
	Database JDBC URL [jdbc:h2:mem:./data/scoreboard_db;DB_CLOSE_DELAY=-1]
	Database driver: org.h2.Driver
	Database version: 2.3.232
	Autocommit mode: false
	Isolation level: undefined/unknown
	Pool: DriverManagerConnectionProviderImpl
	Minimum pool size: 1
	Maximum pool size: 10
2026-02-04 10:09:37 DEBUG org.hibernate.SQL - drop table if exists Matches cascade 
2026-02-04 10:09:37 INFO  o.hibernate.orm.connections.access - HHH10001501: Connection obtained from JdbcConnectionAccess [org.hibernate.engine.jdbc.env.internal.JdbcEnvironmentInitiator$ConnectionProviderJdbcConnectionAccess@2a6fb62f] for (non-JTA) DDL execution was not in auto-commit mode; the Connection 'local transaction' will be committed and the Connection will be set into auto-commit mode.
2026-02-04 10:09:37 DEBUG org.hibernate.SQL - drop table if exists Players cascade 
2026-02-04 10:09:37 DEBUG org.hibernate.SQL - create table Matches (first_player bigint, id BIGINT generated by default as identity, second_player bigint, winner bigint, primary key (id))
2026-02-04 10:09:37 INFO  o.hibernate.orm.connections.access - HHH10001501: Connection obtained from JdbcConnectionAccess [org.hibernate.engine.jdbc.env.internal.JdbcEnvironmentInitiator$ConnectionProviderJdbcConnectionAccess@6dded900] for (non-JTA) DDL execution was not in auto-commit mode; the Connection 'local transaction' will be committed and the Connection will be set into auto-commit mode.
2026-02-04 10:09:37 DEBUG org.hibernate.SQL - create table Players (id bigint generated by default as identity, name VARCHAR not null unique, primary key (id))
2026-02-04 10:09:37 DEBUG org.hibernate.SQL - alter table if exists Matches add constraint FKn85v5k7x6k5ttvm386a04y703 foreign key (first_player) references Players
2026-02-04 10:09:37 DEBUG org.hibernate.SQL - alter table if exists Matches add constraint FKifkkjnajnfuje5l925oq6qqua foreign key (second_player) references Players
2026-02-04 10:09:37 DEBUG org.hibernate.SQL - alter table if exists Matches add constraint FKppea4u7g9w0udc45cclufj64u foreign key (winner) references Players
2026-02-04 10:09:37 DEBUG org.hibernate.SQL - select p1_0.id,p1_0.name from Players p1_0 where p1_0.name in (?,?)
2026-02-04 10:09:37 DEBUG org.hibernate.SQL - insert into Players (name,id) values (?,default)
2026-02-04 10:09:37 DEBUG org.hibernate.SQL - insert into Players (name,id) values (?,default)
2026-02-04 10:09:37 DEBUG org.hibernate.SQL - insert into Matches (first_player,second_player,winner,id) values (?,?,?,default)
2026-02-04 10:09:37 DEBUG org.hibernate.SQL - select p1_0.id,p1_0.name from Players p1_0 where p1_0.name in (?,?)
2026-02-04 10:09:37 DEBUG org.hibernate.SQL - insert into Players (name,id) values (?,default)
2026-02-04 10:09:37 DEBUG org.hibernate.SQL - insert into Matches (first_player,second_player,winner,id) values (?,?,?,default)
2026-02-04 10:10:28 INFO  org.hibernate.Version - HHH000412: Hibernate ORM core version 7.0.8.Final
2026-02-04 10:10:28 INFO  org.hibernate.cfg.Environment - HHH000205: Loaded properties from resource hibernate.properties: {hibernate.connection.driver_class=org.h2.Driver, hibernate.hbm2ddl.auto=create, hibernate.dialect=org.hibernate.dialect.H2Dialect, hibernate.connection.password=****, hibernate.connection.username=sa, hibernate.connection.url=jdbc:h2:mem:./data/scoreboard_db;DB_CLOSE_DELAY=-1, hibernate.connection.pool_size=10, hibernate.current_session_context_class=thread}
2026-02-04 10:10:29 WARN  o.hibernate.orm.connections.pooling - HHH10001002: Using built-in connection pool (not intended for production use)
2026-02-04 10:10:29 WARN  org.hibernate.orm.deprecation - HHH90000025: H2Dialect does not need to be specified explicitly using 'hibernate.dialect' (remove the property setting and it will be selected by default)
2026-02-04 10:10:29 INFO  o.hibernate.orm.connections.pooling - HHH10001005: Database info:
	Database JDBC URL [jdbc:h2:mem:./data/scoreboard_db;DB_CLOSE_DELAY=-1]
	Database driver: org.h2.Driver
	Database version: 2.3.232
	Autocommit mode: false
	Isolation level: undefined/unknown
	Pool: DriverManagerConnectionProviderImpl
	Minimum pool size: 1
	Maximum pool size: 10
2026-02-04 10:10:30 DEBUG org.hibernate.SQL - drop table if exists Matches cascade 
2026-02-04 10:10:30 INFO  o.hibernate.orm.connections.access - HHH10001501: Connection obtained from JdbcConnectionAccess [org.hibernate.engine.jdbc.env.internal.JdbcEnvironmentInitiator$ConnectionProviderJdbcConnectionAccess@45e7bb79] for (non-JTA) DDL execution was not in auto-commit mode; the Connection 'local transaction' will be committed and the Connection will be set into auto-commit mode.
2026-02-04 10:10:30 DEBUG org.hibernate.SQL - drop table if exists Players cascade 
2026-02-04 10:10:30 DEBUG org.hibernate.SQL - create table Matches (first_player bigint, id BIGINT generated by default as identity, second_player bigint, winner bigint, primary key (id))
2026-02-04 10:10:30 INFO  o.hibernate.orm.connections.access - HHH10001501: Connection obtained from JdbcConnectionAccess [org.hibernate.engine.jdbc.env.internal.JdbcEnvironmentInitiator$ConnectionProviderJdbcConnectionAccess@6a6d1ff3] for (non-JTA) DDL execution was not in auto-commit mode; the Connection 'local transaction' will be committed and the Connection will be set into auto-commit mode.
2026-02-04 10:10:30 DEBUG org.hibernate.SQL - create table Players (id bigint generated by default as identity, name VARCHAR not null unique, primary key (id))
2026-02-04 10:10:30 DEBUG org.hibernate.SQL - alter table if exists Matches add constraint FKn85v5k7x6k5ttvm386a04y703 foreign key (first_player) references Players
2026-02-04 10:10:30 DEBUG org.hibernate.SQL - alter table if exists Matches add constraint FKifkkjnajnfuje5l925oq6qqua foreign key (second_player) references Players
2026-02-04 10:10:30 DEBUG org.hibernate.SQL - alter table if exists Matches add constraint FKppea4u7g9w0udc45cclufj64u foreign key (winner) references Players
2026-02-04 10:10:30 DEBUG org.hibernate.SQL - select p1_0.id,p1_0.name from Players p1_0 where p1_0.name in (?,?)
2026-02-04 10:10:30 DEBUG org.hibernate.SQL - insert into Players (name,id) values (?,default)
2026-02-04 10:10:30 DEBUG org.hibernate.SQL - insert into Players (name,id) values (?,default)
2026-02-04 10:10:30 DEBUG org.hibernate.SQL - insert into Matches (first_player,second_player,winner,id) values (?,?,?,default)
2026-02-04 10:10:30 DEBUG org.hibernate.SQL - select p1_0.id,p1_0.name from Players p1_0 where p1_0.name in (?,?)
2026-02-04 10:10:30 DEBUG org.hibernate.SQL - insert into Players (name,id) values (?,default)
2026-02-04 10:10:30 DEBUG org.hibernate.SQL - insert into Matches (first_player,second_player,winner,id) values (?,?,?,default)
2026-02-04 10:10:30 DEBUG org.hibernate.SQL - select p1_0.id,p1_0.name from Players p1_0 where p1_0.name in (?,?)
2026-02-04 10:10:30 DEBUG org.hibernate.SQL - insert into Matches (first_player,second_player,winner,id) values (?,?,?,default)
2026-02-04 10:10:30 DEBUG org.hibernate.SQL - select p1_0.id,p1_0.name from Players p1_0 where p1_0.name in (?,?)
2026-02-04 10:10:30 DEBUG org.hibernate.SQL - insert into Matches (first_player,second_player,winner,id) values (?,?,?,default)
2026-02-04 10:10:30 DEBUG org.hibernate.SQL - select p1_0.id,p1_0.name from Players p1_0 where p1_0.name in (?,?)
2026-02-04 10:10:30 DEBUG org.hibernate.SQL - insert into Matches (first_player,second_player,winner,id) values (?,?,?,default)
2026-02-04 10:10:54 INFO  org.hibernate.Version - HHH000412: Hibernate ORM core version 7.0.8.Final
2026-02-04 10:10:54 INFO  org.hibernate.cfg.Environment - HHH000205: Loaded properties from resource hibernate.properties: {hibernate.connection.driver_class=org.h2.Driver, hibernate.hbm2ddl.auto=create, hibernate.dialect=org.hibernate.dialect.H2Dialect, hibernate.connection.password=****, hibernate.connection.username=sa, hibernate.connection.url=jdbc:h2:mem:./data/scoreboard_db;DB_CLOSE_DELAY=-1, hibernate.connection.pool_size=10, hibernate.current_session_context_class=thread}
2026-02-04 10:10:54 WARN  o.hibernate.orm.connections.pooling - HHH10001002: Using built-in connection pool (not intended for production use)
2026-02-04 10:10:54 WARN  org.hibernate.orm.deprecation - HHH90000025: H2Dialect does not need to be specified explicitly using 'hibernate.dialect' (remove the property setting and it will be selected by default)
2026-02-04 10:10:54 INFO  o.hibernate.orm.connections.pooling - HHH10001005: Database info:
	Database JDBC URL [jdbc:h2:mem:./data/scoreboard_db;DB_CLOSE_DELAY=-1]
	Database driver: org.h2.Driver
	Database version: 2.3.232
	Autocommit mode: false
	Isolation level: undefined/unknown
	Pool: DriverManagerConnectionProviderImpl
	Minimum pool size: 1
	Maximum pool size: 10
2026-02-04 10:10:55 DEBUG org.hibernate.SQL - drop table if exists Matches cascade 
2026-02-04 10:10:55 INFO  o.hibernate.orm.connections.access - HHH10001501: Connection obtained from JdbcConnectionAccess [org.hibernate.engine.jdbc.env.internal.JdbcEnvironmentInitiator$ConnectionProviderJdbcConnectionAccess@9f9146d] for (non-JTA) DDL execution was not in auto-commit mode; the Connection 'local transaction' will be committed and the Connection will be set into auto-commit mode.
2026-02-04 10:10:55 DEBUG org.hibernate.SQL - drop table if exists Players cascade 
2026-02-04 10:10:55 DEBUG org.hibernate.SQL - create table Matches (first_player bigint, id BIGINT generated by default as identity, second_player bigint, winner bigint, primary key (id))
2026-02-04 10:10:55 INFO  o.hibernate.orm.connections.access - HHH10001501: Connection obtained from JdbcConnectionAccess [org.hibernate.engine.jdbc.env.internal.JdbcEnvironmentInitiator$ConnectionProviderJdbcConnectionAccess@3db1ce78] for (non-JTA) DDL execution was not in auto-commit mode; the Connection 'local transaction' will be committed and the Connection will be set into auto-commit mode.
2026-02-04 10:10:55 DEBUG org.hibernate.SQL - create table Players (id bigint generated by default as identity, name VARCHAR not null unique, primary key (id))
2026-02-04 10:10:55 DEBUG org.hibernate.SQL - alter table if exists Matches add constraint FKn85v5k7x6k5ttvm386a04y703 foreign key (first_player) references Players
2026-02-04 10:10:55 DEBUG org.hibernate.SQL - alter table if exists Matches add constraint FKifkkjnajnfuje5l925oq6qqua foreign key (second_player) references Players
2026-02-04 10:10:55 DEBUG org.hibernate.SQL - alter table if exists Matches add constraint FKppea4u7g9w0udc45cclufj64u foreign key (winner) references Players
2026-02-04 10:10:55 DEBUG org.hibernate.SQL - select p1_0.id,p1_0.name from Players p1_0 where p1_0.name in (?,?)
2026-02-04 10:10:55 DEBUG org.hibernate.SQL - insert into Players (name,id) values (?,default)
2026-02-04 10:10:55 DEBUG org.hibernate.SQL - insert into Players (name,id) values (?,default)
2026-02-04 10:10:55 DEBUG org.hibernate.SQL - insert into Matches (first_player,second_player,winner,id) values (?,?,?,default)
2026-02-04 10:10:55 DEBUG org.hibernate.SQL - select p1_0.id,p1_0.name from Players p1_0 where p1_0.name in (?,?)
2026-02-04 10:10:55 DEBUG org.hibernate.SQL - insert into Players (name,id) values (?,default)
2026-02-04 10:10:55 DEBUG org.hibernate.SQL - insert into Matches (first_player,second_player,winner,id) values (?,?,?,default)
2026-02-04 10:10:55 DEBUG org.hibernate.SQL - select p1_0.id,p1_0.name from Players p1_0 where p1_0.name in (?,?)
2026-02-04 10:10:55 DEBUG org.hibernate.SQL - insert into Matches (first_player,second_player,winner,id) values (?,?,?,default)
2026-02-04 10:10:55 DEBUG org.hibernate.SQL - select p1_0.id,p1_0.name from Players p1_0 where p1_0.name in (?,?)
2026-02-04 10:10:55 DEBUG org.hibernate.SQL - insert into Matches (first_player,second_player,winner,id) values (?,?,?,default)
2026-02-04 10:10:55 DEBUG org.hibernate.SQL - select p1_0.id,p1_0.name from Players p1_0 where p1_0.name in (?,?)
2026-02-04 10:10:55 DEBUG org.hibernate.SQL - insert into Matches (first_player,second_player,winner,id) values (?,?,?,default)
2026-02-04 10:11:18 INFO  org.hibernate.Version - HHH000412: Hibernate ORM core version 7.0.8.Final
2026-02-04 10:11:18 INFO  org.hibernate.cfg.Environment - HHH000205: Loaded properties from resource hibernate.properties: {hibernate.connection.driver_class=org.h2.Driver, hibernate.hbm2ddl.auto=create, hibernate.dialect=org.hibernate.dialect.H2Dialect, hibernate.connection.password=****, hibernate.connection.username=sa, hibernate.connection.url=jdbc:h2:mem:./data/scoreboard_db;DB_CLOSE_DELAY=-1, hibernate.connection.pool_size=10, hibernate.current_session_context_class=thread}
2026-02-04 10:11:19 WARN  o.hibernate.orm.connections.pooling - HHH10001002: Using built-in connection pool (not intended for production use)
2026-02-04 10:11:19 WARN  org.hibernate.orm.deprecation - HHH90000025: H2Dialect does not need to be specified explicitly using 'hibernate.dialect' (remove the property setting and it will be selected by default)
2026-02-04 10:11:19 INFO  o.hibernate.orm.connections.pooling - HHH10001005: Database info:
	Database JDBC URL [jdbc:h2:mem:./data/scoreboard_db;DB_CLOSE_DELAY=-1]
	Database driver: org.h2.Driver
	Database version: 2.3.232
	Autocommit mode: false
	Isolation level: undefined/unknown
	Pool: DriverManagerConnectionProviderImpl
	Minimum pool size: 1
	Maximum pool size: 10
2026-02-04 10:11:19 DEBUG org.hibernate.SQL - drop table if exists Matches cascade 
2026-02-04 10:11:19 INFO  o.hibernate.orm.connections.access - HHH10001501: Connection obtained from JdbcConnectionAccess [org.hibernate.engine.jdbc.env.internal.JdbcEnvironmentInitiator$ConnectionProviderJdbcConnectionAccess@2a6fb62f] for (non-JTA) DDL execution was not in auto-commit mode; the Connection 'local transaction' will be committed and the Connection will be set into auto-commit mode.
2026-02-04 10:11:19 DEBUG org.hibernate.SQL - drop table if exists Players cascade 
2026-02-04 10:11:19 DEBUG org.hibernate.SQL - create table Matches (first_player bigint, id BIGINT generated by default as identity, second_player bigint, winner bigint, primary key (id))
2026-02-04 10:11:19 INFO  o.hibernate.orm.connections.access - HHH10001501: Connection obtained from JdbcConnectionAccess [org.hibernate.engine.jdbc.env.internal.JdbcEnvironmentInitiator$ConnectionProviderJdbcConnectionAccess@6dded900] for (non-JTA) DDL execution was not in auto-commit mode; the Connection 'local transaction' will be committed and the Connection will be set into auto-commit mode.
2026-02-04 10:11:19 DEBUG org.hibernate.SQL - create table Players (id bigint generated by default as identity, name VARCHAR not null unique, primary key (id))
2026-02-04 10:11:19 DEBUG org.hibernate.SQL - alter table if exists Matches add constraint FKn85v5k7x6k5ttvm386a04y703 foreign key (first_player) references Players
2026-02-04 10:11:19 DEBUG org.hibernate.SQL - alter table if exists Matches add constraint FKifkkjnajnfuje5l925oq6qqua foreign key (second_player) references Players
2026-02-04 10:11:19 DEBUG org.hibernate.SQL - alter table if exists Matches add constraint FKppea4u7g9w0udc45cclufj64u foreign key (winner) references Players
2026-02-04 10:11:20 DEBUG org.hibernate.SQL - select p1_0.id,p1_0.name from Players p1_0 where p1_0.name in (?,?)
2026-02-04 10:11:20 DEBUG org.hibernate.SQL - insert into Players (name,id) values (?,default)
2026-02-04 10:11:20 DEBUG org.hibernate.SQL - insert into Players (name,id) values (?,default)
2026-02-04 10:11:20 DEBUG org.hibernate.SQL - insert into Matches (first_player,second_player,winner,id) values (?,?,?,default)
2026-02-04 10:11:25 INFO  org.hibernate.Version - HHH000412: Hibernate ORM core version 7.0.8.Final
2026-02-04 10:11:25 INFO  org.hibernate.cfg.Environment - HHH000205: Loaded properties from resource hibernate.properties: {hibernate.connection.driver_class=org.h2.Driver, hibernate.hbm2ddl.auto=create, hibernate.dialect=org.hibernate.dialect.H2Dialect, hibernate.connection.password=****, hibernate.connection.username=sa, hibernate.connection.url=jdbc:h2:mem:./data/scoreboard_db;DB_CLOSE_DELAY=-1, hibernate.connection.pool_size=10, hibernate.current_session_context_class=thread}
2026-02-04 10:11:25 WARN  o.hibernate.orm.connections.pooling - HHH10001002: Using built-in connection pool (not intended for production use)
2026-02-04 10:11:26 WARN  org.hibernate.orm.deprecation - HHH90000025: H2Dialect does not need to be specified explicitly using 'hibernate.dialect' (remove the property setting and it will be selected by default)
2026-02-04 10:11:26 INFO  o.hibernate.orm.connections.pooling - HHH10001005: Database info:
	Database JDBC URL [jdbc:h2:mem:./data/scoreboard_db;DB_CLOSE_DELAY=-1]
	Database driver: org.h2.Driver
	Database version: 2.3.232
	Autocommit mode: false
	Isolation level: undefined/unknown
	Pool: DriverManagerConnectionProviderImpl
	Minimum pool size: 1
	Maximum pool size: 10
2026-02-04 10:11:26 DEBUG org.hibernate.SQL - drop table if exists Matches cascade 
2026-02-04 10:11:26 INFO  o.hibernate.orm.connections.access - HHH10001501: Connection obtained from JdbcConnectionAccess [org.hibernate.engine.jdbc.env.internal.JdbcEnvironmentInitiator$ConnectionProviderJdbcConnectionAccess@2a6fb62f] for (non-JTA) DDL execution was not in auto-commit mode; the Connection 'local transaction' will be committed and the Connection will be set into auto-commit mode.
2026-02-04 10:11:26 DEBUG org.hibernate.SQL - drop table if exists Players cascade 
2026-02-04 10:11:26 DEBUG org.hibernate.SQL - create table Matches (first_player bigint, id BIGINT generated by default as identity, second_player bigint, winner bigint, primary key (id))
2026-02-04 10:11:26 INFO  o.hibernate.orm.connections.access - HHH10001501: Connection obtained from JdbcConnectionAccess [org.hibernate.engine.jdbc.env.internal.JdbcEnvironmentInitiator$ConnectionProviderJdbcConnectionAccess@6dded900] for (non-JTA) DDL execution was not in auto-commit mode; the Connection 'local transaction' will be committed and the Connection will be set into auto-commit mode.
2026-02-04 10:11:26 DEBUG org.hibernate.SQL - create table Players (id bigint generated by default as identity, name VARCHAR not null unique, primary key (id))
2026-02-04 10:11:26 DEBUG org.hibernate.SQL - alter table if exists Matches add constraint FKn85v5k7x6k5ttvm386a04y703 foreign key (first_player) references Players
2026-02-04 10:11:26 DEBUG org.hibernate.SQL - alter table if exists Matches add constraint FKifkkjnajnfuje5l925oq6qqua foreign key (second_player) references Players
2026-02-04 10:11:26 DEBUG org.hibernate.SQL - alter table if exists Matches add constraint FKppea4u7g9w0udc45cclufj64u foreign key (winner) references Players
2026-02-04 10:11:27 DEBUG org.hibernate.SQL - select p1_0.id,p1_0.name from Players p1_0 where p1_0.name in (?,?)
2026-02-04 10:11:27 DEBUG org.hibernate.SQL - insert into Players (name,id) values (?,default)
2026-02-04 10:11:27 DEBUG org.hibernate.SQL - insert into Players (name,id) values (?,default)
2026-02-04 10:11:27 DEBUG org.hibernate.SQL - insert into Matches (first_player,second_player,winner,id) values (?,?,?,default)
2026-02-04 10:11:27 DEBUG org.hibernate.SQL - select p1_0.id,p1_0.name from Players p1_0 where p1_0.name in (?,?)
2026-02-04 10:11:27 DEBUG org.hibernate.SQL - insert into Matches (first_player,second_player,winner,id) values (?,?,?,default)
2026-02-04 10:11:31 INFO  org.hibernate.Version - HHH000412: Hibernate ORM core version 7.0.8.Final
2026-02-04 10:11:31 INFO  org.hibernate.cfg.Environment - HHH000205: Loaded properties from resource hibernate.properties: {hibernate.connection.driver_class=org.h2.Driver, hibernate.hbm2ddl.auto=create, hibernate.dialect=org.hibernate.dialect.H2Dialect, hibernate.connection.password=****, hibernate.connection.username=sa, hibernate.connection.url=jdbc:h2:mem:./data/scoreboard_db;DB_CLOSE_DELAY=-1, hibernate.connection.pool_size=10, hibernate.current_session_context_class=thread}
2026-02-04 10:11:31 WARN  o.hibernate.orm.connections.pooling - HHH10001002: Using built-in connection pool (not intended for production use)
2026-02-04 10:11:32 WARN  org.hibernate.orm.deprecation - HHH90000025: H2Dialect does not need to be specified explicitly using 'hibernate.dialect' (remove the property setting and it will be selected by default)
2026-02-04 10:11:32 INFO  o.hibernate.orm.connections.pooling - HHH10001005: Database info:
	Database JDBC URL [jdbc:h2:mem:./data/scoreboard_db;DB_CLOSE_DELAY=-1]
	Database driver: org.h2.Driver
	Database version: 2.3.232
	Autocommit mode: false
	Isolation level: undefined/unknown
	Pool: DriverManagerConnectionProviderImpl
	Minimum pool size: 1
	Maximum pool size: 10
2026-02-04 10:11:32 DEBUG org.hibernate.SQL - drop table if exists Matches cascade 
2026-02-04 10:11:32 INFO  o.hibernate.orm.connections.access - HHH10001501: Connection obtained from JdbcConnectionAccess [org.hibernate.engine.jdbc.env.internal.JdbcEnvironmentInitiator$ConnectionProviderJdbcConnectionAccess@2a6fb62f] for (non-JTA) DDL execution was not in auto-commit mode; the Connection 'local transaction' will be committed and the Connection will be set into auto-commit mode.
2026-02-04 10:11:32 DEBUG org.hibernate.SQL - drop table if exists Players cascade 
2026-02-04 10:11:32 DEBUG org.hibernate.SQL - create table Matches (first_player bigint, id BIGINT generated by default as identity, second_player bigint, winner bigint, primary key (id))
2026-02-04 10:11:32 INFO  o.hibernate.orm.connections.access - HHH10001501: Connection obtained from JdbcConnectionAccess [org.hibernate.engine.jdbc.env.internal.JdbcEnvironmentInitiator$ConnectionProviderJdbcConnectionAccess@6dded900] for (non-JTA) DDL execution was not in auto-commit mode; the Connection 'local transaction' will be committed and the Connection will be set into auto-commit mode.
2026-02-04 10:11:32 DEBUG org.hibernate.SQL - create table Players (id bigint generated by default as identity, name VARCHAR not null unique, primary key (id))
2026-02-04 10:11:32 DEBUG org.hibernate.SQL - alter table if exists Matches add constraint FKn85v5k7x6k5ttvm386a04y703 foreign key (first_player) references Players
2026-02-04 10:11:32 DEBUG org.hibernate.SQL - alter table if exists Matches add constraint FKifkkjnajnfuje5l925oq6qqua foreign key (second_player) references Players
2026-02-04 10:11:32 DEBUG org.hibernate.SQL - alter table if exists Matches add constraint FKppea4u7g9w0udc45cclufj64u foreign key (winner) references Players
2026-02-04 10:11:33 DEBUG org.hibernate.SQL - select p1_0.id,p1_0.name from Players p1_0 where p1_0.name in (?,?)
2026-02-04 10:11:33 DEBUG org.hibernate.SQL - insert into Players (name,id) values (?,default)
2026-02-04 10:11:33 DEBUG org.hibernate.SQL - insert into Players (name,id) values (?,default)
2026-02-04 10:11:33 DEBUG org.hibernate.SQL - insert into Matches (first_player,second_player,winner,id) values (?,?,?,default)
2026-02-04 10:11:33 DEBUG org.hibernate.SQL - select p1_0.id,p1_0.name from Players p1_0 where p1_0.name in (?,?)
2026-02-04 10:11:33 DEBUG org.hibernate.SQL - insert into Players (name,id) values (?,default)
2026-02-04 10:11:33 DEBUG org.hibernate.SQL - insert into Matches (first_player,second_player,winner,id) values (?,?,?,default)
2026-02-04 10:13:03 INFO  org.hibernate.Version - HHH000412: Hibernate ORM core version 7.0.8.Final
2026-02-04 10:13:03 INFO  org.hibernate.cfg.Environment - HHH000205: Loaded properties from resource hibernate.properties: {hibernate.connection.driver_class=org.h2.Driver, hibernate.hbm2ddl.auto=create, hibernate.dialect=org.hibernate.dialect.H2Dialect, hibernate.connection.password=****, hibernate.connection.username=sa, hibernate.connection.url=jdbc:h2:mem:./data/scoreboard_db;DB_CLOSE_DELAY=-1, hibernate.connection.pool_size=10, hibernate.current_session_context_class=thread}
2026-02-04 10:13:04 WARN  o.hibernate.orm.connections.pooling - HHH10001002: Using built-in connection pool (not intended for production use)
2026-02-04 10:13:04 WARN  org.hibernate.orm.deprecation - HHH90000025: H2Dialect does not need to be specified explicitly using 'hibernate.dialect' (remove the property setting and it will be selected by default)
2026-02-04 10:13:04 INFO  o.hibernate.orm.connections.pooling - HHH10001005: Database info:
	Database JDBC URL [jdbc:h2:mem:./data/scoreboard_db;DB_CLOSE_DELAY=-1]
	Database driver: org.h2.Driver
	Database version: 2.3.232
	Autocommit mode: false
	Isolation level: undefined/unknown
	Pool: DriverManagerConnectionProviderImpl
	Minimum pool size: 1
	Maximum pool size: 10
2026-02-04 10:13:05 DEBUG org.hibernate.SQL - drop table if exists Matches cascade 
2026-02-04 10:13:05 INFO  o.hibernate.orm.connections.access - HHH10001501: Connection obtained from JdbcConnectionAccess [org.hibernate.engine.jdbc.env.internal.JdbcEnvironmentInitiator$ConnectionProviderJdbcConnectionAccess@9f9146d] for (non-JTA) DDL execution was not in auto-commit mode; the Connection 'local transaction' will be committed and the Connection will be set into auto-commit mode.
2026-02-04 10:13:05 DEBUG org.hibernate.SQL - drop table if exists Players cascade 
2026-02-04 10:13:05 DEBUG org.hibernate.SQL - create table Matches (first_player bigint, id BIGINT generated by default as identity, second_player bigint, winner bigint, primary key (id))
2026-02-04 10:13:05 INFO  o.hibernate.orm.connections.access - HHH10001501: Connection obtained from JdbcConnectionAccess [org.hibernate.engine.jdbc.env.internal.JdbcEnvironmentInitiator$ConnectionProviderJdbcConnectionAccess@3db1ce78] for (non-JTA) DDL execution was not in auto-commit mode; the Connection 'local transaction' will be committed and the Connection will be set into auto-commit mode.
2026-02-04 10:13:05 DEBUG org.hibernate.SQL - create table Players (id bigint generated by default as identity, name VARCHAR not null unique, primary key (id))
2026-02-04 10:13:05 DEBUG org.hibernate.SQL - alter table if exists Matches add constraint FKn85v5k7x6k5ttvm386a04y703 foreign key (first_player) references Players
2026-02-04 10:13:05 DEBUG org.hibernate.SQL - alter table if exists Matches add constraint FKifkkjnajnfuje5l925oq6qqua foreign key (second_player) references Players
2026-02-04 10:13:05 DEBUG org.hibernate.SQL - alter table if exists Matches add constraint FKppea4u7g9w0udc45cclufj64u foreign key (winner) references Players
2026-02-04 10:13:05 DEBUG org.hibernate.SQL - select p1_0.id,p1_0.name from Players p1_0 where p1_0.name in (?,?)
2026-02-04 10:13:05 DEBUG org.hibernate.SQL - insert into Players (name,id) values (?,default)
2026-02-04 10:13:05 DEBUG org.hibernate.SQL - insert into Players (name,id) values (?,default)
2026-02-04 10:13:05 DEBUG org.hibernate.SQL - insert into Matches (first_player,second_player,winner,id) values (?,?,?,default)
2026-02-04 10:13:05 DEBUG org.hibernate.SQL - select p1_0.id,p1_0.name from Players p1_0 where p1_0.name in (?,?)
2026-02-04 10:13:05 DEBUG org.hibernate.SQL - insert into Players (name,id) values (?,default)
2026-02-04 10:13:05 DEBUG org.hibernate.SQL - insert into Matches (first_player,second_player,winner,id) values (?,?,?,default)
2026-02-04 10:13:05 DEBUG org.hibernate.SQL - select p1_0.id,p1_0.name from Players p1_0 where p1_0.name in (?,?)
2026-02-04 10:13:05 DEBUG org.hibernate.SQL - insert into Matches (first_player,second_player,winner,id) values (?,?,?,default)
2026-02-04 10:13:05 DEBUG org.hibernate.SQL - select p1_0.id,p1_0.name from Players p1_0 where p1_0.name in (?,?)
2026-02-04 10:13:05 DEBUG org.hibernate.SQL - insert into Matches (first_player,second_player,winner,id) values (?,?,?,default)
2026-02-04 10:13:05 DEBUG org.hibernate.SQL - select p1_0.id,p1_0.name from Players p1_0 where p1_0.name in (?,?)
2026-02-04 10:13:05 DEBUG org.hibernate.SQL - insert into Matches (first_player,second_player,winner,id) values (?,?,?,default)
2026-02-04 10:13:46 INFO  org.hibernate.Version - HHH000412: Hibernate ORM core version 7.0.8.Final
2026-02-04 10:13:46 INFO  org.hibernate.cfg.Environment - HHH000205: Loaded properties from resource hibernate.properties: {hibernate.connection.driver_class=org.h2.Driver, hibernate.hbm2ddl.auto=create, hibernate.dialect=org.hibernate.dialect.H2Dialect, hibernate.connection.password=****, hibernate.connection.username=sa, hibernate.connection.url=jdbc:h2:mem:./data/scoreboard_db;DB_CLOSE_DELAY=-1, hibernate.connection.pool_size=10, hibernate.current_session_context_class=thread}
2026-02-04 10:13:46 WARN  o.hibernate.orm.connections.pooling - HHH10001002: Using built-in connection pool (not intended for production use)
2026-02-04 10:13:46 WARN  org.hibernate.orm.deprecation - HHH90000025: H2Dialect does not need to be specified explicitly using 'hibernate.dialect' (remove the property setting and it will be selected by default)
2026-02-04 10:13:46 INFO  o.hibernate.orm.connections.pooling - HHH10001005: Database info:
	Database JDBC URL [jdbc:h2:mem:./data/scoreboard_db;DB_CLOSE_DELAY=-1]
	Database driver: org.h2.Driver
	Database version: 2.3.232
	Autocommit mode: false
	Isolation level: undefined/unknown
	Pool: DriverManagerConnectionProviderImpl
	Minimum pool size: 1
	Maximum pool size: 10
2026-02-04 10:13:47 DEBUG org.hibernate.SQL - drop table if exists Matches cascade 
2026-02-04 10:13:47 INFO  o.hibernate.orm.connections.access - HHH10001501: Connection obtained from JdbcConnectionAccess [org.hibernate.engine.jdbc.env.internal.JdbcEnvironmentInitiator$ConnectionProviderJdbcConnectionAccess@2a6fb62f] for (non-JTA) DDL execution was not in auto-commit mode; the Connection 'local transaction' will be committed and the Connection will be set into auto-commit mode.
2026-02-04 10:13:47 DEBUG org.hibernate.SQL - drop table if exists Players cascade 
2026-02-04 10:13:47 DEBUG org.hibernate.SQL - create table Matches (first_player bigint, id BIGINT generated by default as identity, second_player bigint, winner bigint, primary key (id))
2026-02-04 10:13:47 INFO  o.hibernate.orm.connections.access - HHH10001501: Connection obtained from JdbcConnectionAccess [org.hibernate.engine.jdbc.env.internal.JdbcEnvironmentInitiator$ConnectionProviderJdbcConnectionAccess@6dded900] for (non-JTA) DDL execution was not in auto-commit mode; the Connection 'local transaction' will be committed and the Connection will be set into auto-commit mode.
2026-02-04 10:13:47 DEBUG org.hibernate.SQL - create table Players (id bigint generated by default as identity, name VARCHAR not null unique, primary key (id))
2026-02-04 10:13:47 DEBUG org.hibernate.SQL - alter table if exists Matches add constraint FKn85v5k7x6k5ttvm386a04y703 foreign key (first_player) references Players
2026-02-04 10:13:47 DEBUG org.hibernate.SQL - alter table if exists Matches add constraint FKifkkjnajnfuje5l925oq6qqua foreign key (second_player) references Players
2026-02-04 10:13:47 DEBUG org.hibernate.SQL - alter table if exists Matches add constraint FKppea4u7g9w0udc45cclufj64u foreign key (winner) references Players
2026-02-04 10:13:47 DEBUG org.hibernate.SQL - select p1_0.id,p1_0.name from Players p1_0 where p1_0.name in (?,?)
2026-02-04 10:13:47 DEBUG org.hibernate.SQL - insert into Players (name,id) values (?,default)
2026-02-04 10:13:47 DEBUG org.hibernate.SQL - insert into Players (name,id) values (?,default)
2026-02-04 10:13:47 DEBUG org.hibernate.SQL - insert into Matches (first_player,second_player,winner,id) values (?,?,?,default)
2026-02-04 10:14:03 INFO  org.hibernate.Version - HHH000412: Hibernate ORM core version 7.0.8.Final
2026-02-04 10:14:03 INFO  org.hibernate.cfg.Environment - HHH000205: Loaded properties from resource hibernate.properties: {hibernate.connection.driver_class=org.h2.Driver, hibernate.hbm2ddl.auto=create, hibernate.dialect=org.hibernate.dialect.H2Dialect, hibernate.connection.password=****, hibernate.connection.username=sa, hibernate.connection.url=jdbc:h2:mem:./data/scoreboard_db;DB_CLOSE_DELAY=-1, hibernate.connection.pool_size=10, hibernate.current_session_context_class=thread}
2026-02-04 10:14:03 WARN  o.hibernate.orm.connections.pooling - HHH10001002: Using built-in connection pool (not intended for production use)
2026-02-04 10:14:03 WARN  org.hibernate.orm.deprecation - HHH90000025: H2Dialect does not need to be specified explicitly using 'hibernate.dialect' (remove the property setting and it will be selected by default)
2026-02-04 10:14:03 INFO  o.hibernate.orm.connections.pooling - HHH10001005: Database info:
	Database JDBC URL [jdbc:h2:mem:./data/scoreboard_db;DB_CLOSE_DELAY=-1]
	Database driver: org.h2.Driver
	Database version: 2.3.232
	Autocommit mode: false
	Isolation level: undefined/unknown
	Pool: DriverManagerConnectionProviderImpl
	Minimum pool size: 1
	Maximum pool size: 10
2026-02-04 10:14:04 DEBUG org.hibernate.SQL - drop table if exists Matches cascade 
2026-02-04 10:14:04 INFO  o.hibernate.orm.connections.access - HHH10001501: Connection obtained from JdbcConnectionAccess [org.hibernate.engine.jdbc.env.internal.JdbcEnvironmentInitiator$ConnectionProviderJdbcConnectionAccess@9f9146d] for (non-JTA) DDL execution was not in auto-commit mode; the Connection 'local transaction' will be committed and the Connection will be set into auto-commit mode.
2026-02-04 10:14:04 DEBUG org.hibernate.SQL - drop table if exists Players cascade 
2026-02-04 10:14:04 DEBUG org.hibernate.SQL - create table Matches (first_player bigint, id BIGINT generated by default as identity, second_player bigint, winner bigint, primary key (id))
2026-02-04 10:14:04 INFO  o.hibernate.orm.connections.access - HHH10001501: Connection obtained from JdbcConnectionAccess [org.hibernate.engine.jdbc.env.internal.JdbcEnvironmentInitiator$ConnectionProviderJdbcConnectionAccess@3db1ce78] for (non-JTA) DDL execution was not in auto-commit mode; the Connection 'local transaction' will be committed and the Connection will be set into auto-commit mode.
2026-02-04 10:14:04 DEBUG org.hibernate.SQL - create table Players (id bigint generated by default as identity, name VARCHAR not null unique, primary key (id))
2026-02-04 10:14:04 DEBUG org.hibernate.SQL - alter table if exists Matches add constraint FKn85v5k7x6k5ttvm386a04y703 foreign key (first_player) references Players
2026-02-04 10:14:04 DEBUG org.hibernate.SQL - alter table if exists Matches add constraint FKifkkjnajnfuje5l925oq6qqua foreign key (second_player) references Players
2026-02-04 10:14:04 DEBUG org.hibernate.SQL - alter table if exists Matches add constraint FKppea4u7g9w0udc45cclufj64u foreign key (winner) references Players
2026-02-04 10:14:04 DEBUG org.hibernate.SQL - select p1_0.id,p1_0.name from Players p1_0 where p1_0.name in (?,?)
2026-02-04 10:14:04 DEBUG org.hibernate.SQL - insert into Players (name,id) values (?,default)
2026-02-04 10:14:04 DEBUG org.hibernate.SQL - insert into Players (name,id) values (?,default)
2026-02-04 10:14:04 DEBUG org.hibernate.SQL - insert into Matches (first_player,second_player,winner,id) values (?,?,?,default)
2026-02-04 10:14:04 DEBUG org.hibernate.SQL - select p1_0.id,p1_0.name from Players p1_0 where p1_0.name in (?,?)
2026-02-04 10:14:04 DEBUG org.hibernate.SQL - insert into Players (name,id) values (?,default)
2026-02-04 10:14:04 DEBUG org.hibernate.SQL - insert into Matches (first_player,second_player,winner,id) values (?,?,?,default)
2026-02-04 10:14:04 DEBUG org.hibernate.SQL - select p1_0.id,p1_0.name from Players p1_0 where p1_0.name in (?,?)
2026-02-04 10:14:04 DEBUG org.hibernate.SQL - insert into Matches (first_player,second_player,winner,id) values (?,?,?,default)
2026-02-04 10:14:04 DEBUG org.hibernate.SQL - select p1_0.id,p1_0.name from Players p1_0 where p1_0.name in (?,?)
2026-02-04 10:14:05 DEBUG org.hibernate.SQL - insert into Matches (first_player,second_player,winner,id) values (?,?,?,default)
2026-02-04 10:14:05 DEBUG org.hibernate.SQL - select p1_0.id,p1_0.name from Players p1_0 where p1_0.name in (?,?)
2026-02-04 10:14:05 DEBUG org.hibernate.SQL - insert into Matches (first_player,second_player,winner,id) values (?,?,?,default)
2026-02-04 10:14:43 INFO  org.hibernate.Version - HHH000412: Hibernate ORM core version 7.0.8.Final
2026-02-04 10:14:43 INFO  org.hibernate.cfg.Environment - HHH000205: Loaded properties from resource hibernate.properties: {hibernate.connection.driver_class=org.h2.Driver, hibernate.hbm2ddl.auto=create, hibernate.dialect=org.hibernate.dialect.H2Dialect, hibernate.connection.password=****, hibernate.connection.username=sa, hibernate.connection.url=jdbc:h2:mem:./data/scoreboard_db;DB_CLOSE_DELAY=-1, hibernate.connection.pool_size=10, hibernate.current_session_context_class=thread}
2026-02-04 10:14:43 WARN  o.hibernate.orm.connections.pooling - HHH10001002: Using built-in connection pool (not intended for production use)
2026-02-04 10:14:43 WARN  org.hibernate.orm.deprecation - HHH90000025: H2Dialect does not need to be specified explicitly using 'hibernate.dialect' (remove the property setting and it will be selected by default)
2026-02-04 10:14:43 INFO  o.hibernate.orm.connections.pooling - HHH10001005: Database info:
	Database JDBC URL [jdbc:h2:mem:./data/scoreboard_db;DB_CLOSE_DELAY=-1]
	Database driver: org.h2.Driver
	Database version: 2.3.232
	Autocommit mode: false
	Isolation level: undefined/unknown
	Pool: DriverManagerConnectionProviderImpl
	Minimum pool size: 1
	Maximum pool size: 10
2026-02-04 10:14:44 DEBUG org.hibernate.SQL - drop table if exists Matches cascade 
2026-02-04 10:14:44 INFO  o.hibernate.orm.connections.access - HHH10001501: Connection obtained from JdbcConnectionAccess [org.hibernate.engine.jdbc.env.internal.JdbcEnvironmentInitiator$ConnectionProviderJdbcConnectionAccess@2a6fb62f] for (non-JTA) DDL execution was not in auto-commit mode; the Connection 'local transaction' will be committed and the Connection will be set into auto-commit mode.
2026-02-04 10:14:44 DEBUG org.hibernate.SQL - drop table if exists Players cascade 
2026-02-04 10:14:44 DEBUG org.hibernate.SQL - create table Matches (first_player bigint, id BIGINT generated by default as identity, second_player bigint, winner bigint, primary key (id))
2026-02-04 10:14:44 INFO  o.hibernate.orm.connections.access - HHH10001501: Connection obtained from JdbcConnectionAccess [org.hibernate.engine.jdbc.env.internal.JdbcEnvironmentInitiator$ConnectionProviderJdbcConnectionAccess@6dded900] for (non-JTA) DDL execution was not in auto-commit mode; the Connection 'local transaction' will be committed and the Connection will be set into auto-commit mode.
2026-02-04 10:14:44 DEBUG org.hibernate.SQL - create table Players (id bigint generated by default as identity, name VARCHAR not null unique, primary key (id))
2026-02-04 10:14:44 DEBUG org.hibernate.SQL - alter table if exists Matches add constraint FKn85v5k7x6k5ttvm386a04y703 foreign key (first_player) references Players
2026-02-04 10:14:44 DEBUG org.hibernate.SQL - alter table if exists Matches add constraint FKifkkjnajnfuje5l925oq6qqua foreign key (second_player) references Players
2026-02-04 10:14:44 DEBUG org.hibernate.SQL - alter table if exists Matches add constraint FKppea4u7g9w0udc45cclufj64u foreign key (winner) references Players
2026-02-04 10:14:44 DEBUG org.hibernate.SQL - select p1_0.id,p1_0.name from Players p1_0 where p1_0.name in (?,?)
2026-02-04 10:14:45 DEBUG org.hibernate.SQL - insert into Players (name,id) values (?,default)
2026-02-04 10:14:45 DEBUG org.hibernate.SQL - insert into Players (name,id) values (?,default)
2026-02-04 10:14:45 DEBUG org.hibernate.SQL - insert into Matches (first_player,second_player,winner,id) values (?,?,?,default)
2026-02-04 10:14:53 INFO  org.hibernate.Version - HHH000412: Hibernate ORM core version 7.0.8.Final
2026-02-04 10:14:53 INFO  org.hibernate.cfg.Environment - HHH000205: Loaded properties from resource hibernate.properties: {hibernate.connection.driver_class=org.h2.Driver, hibernate.hbm2ddl.auto=create, hibernate.dialect=org.hibernate.dialect.H2Dialect, hibernate.connection.password=****, hibernate.connection.username=sa, hibernate.connection.url=jdbc:h2:mem:./data/scoreboard_db;DB_CLOSE_DELAY=-1, hibernate.connection.pool_size=10, hibernate.current_session_context_class=thread}
2026-02-04 10:14:53 WARN  o.hibernate.orm.connections.pooling - HHH10001002: Using built-in connection pool (not intended for production use)
2026-02-04 10:14:53 WARN  org.hibernate.orm.deprecation - HHH90000025: H2Dialect does not need to be specified explicitly using 'hibernate.dialect' (remove the property setting and it will be selected by default)
2026-02-04 10:14:53 INFO  o.hibernate.orm.connections.pooling - HHH10001005: Database info:
	Database JDBC URL [jdbc:h2:mem:./data/scoreboard_db;DB_CLOSE_DELAY=-1]
	Database driver: org.h2.Driver
	Database version: 2.3.232
	Autocommit mode: false
	Isolation level: undefined/unknown
	Pool: DriverManagerConnectionProviderImpl
	Minimum pool size: 1
	Maximum pool size: 10
2026-02-04 10:14:54 DEBUG org.hibernate.SQL - drop table if exists Matches cascade 
2026-02-04 10:14:54 INFO  o.hibernate.orm.connections.access - HHH10001501: Connection obtained from JdbcConnectionAccess [org.hibernate.engine.jdbc.env.internal.JdbcEnvironmentInitiator$ConnectionProviderJdbcConnectionAccess@2a6fb62f] for (non-JTA) DDL execution was not in auto-commit mode; the Connection 'local transaction' will be committed and the Connection will be set into auto-commit mode.
2026-02-04 10:14:54 DEBUG org.hibernate.SQL - drop table if exists Players cascade 
2026-02-04 10:14:54 DEBUG org.hibernate.SQL - create table Matches (first_player bigint, id BIGINT generated by default as identity, second_player bigint, winner bigint, primary key (id))
2026-02-04 10:14:54 INFO  o.hibernate.orm.connections.access - HHH10001501: Connection obtained from JdbcConnectionAccess [org.hibernate.engine.jdbc.env.internal.JdbcEnvironmentInitiator$ConnectionProviderJdbcConnectionAccess@6dded900] for (non-JTA) DDL execution was not in auto-commit mode; the Connection 'local transaction' will be committed and the Connection will be set into auto-commit mode.
2026-02-04 10:14:54 DEBUG org.hibernate.SQL - create table Players (id bigint generated by default as identity, name VARCHAR not null unique, primary key (id))
2026-02-04 10:14:54 DEBUG org.hibernate.SQL - alter table if exists Matches add constraint FKn85v5k7x6k5ttvm386a04y703 foreign key (first_player) references Players
2026-02-04 10:14:54 DEBUG org.hibernate.SQL - alter table if exists Matches add constraint FKifkkjnajnfuje5l925oq6qqua foreign key (second_player) references Players
2026-02-04 10:14:54 DEBUG org.hibernate.SQL - alter table if exists Matches add constraint FKppea4u7g9w0udc45cclufj64u foreign key (winner) references Players
2026-02-04 10:14:54 DEBUG org.hibernate.SQL - select p1_0.id,p1_0.name from Players p1_0 where p1_0.name in (?,?)
2026-02-04 10:14:54 DEBUG org.hibernate.SQL - insert into Players (name,id) values (?,default)
2026-02-04 10:14:54 DEBUG org.hibernate.SQL - insert into Players (name,id) values (?,default)
2026-02-04 10:14:54 DEBUG org.hibernate.SQL - insert into Matches (first_player,second_player,winner,id) values (?,?,?,default)
2026-02-04 10:14:59 INFO  org.hibernate.Version - HHH000412: Hibernate ORM core version 7.0.8.Final
2026-02-04 10:14:59 INFO  org.hibernate.cfg.Environment - HHH000205: Loaded properties from resource hibernate.properties: {hibernate.connection.driver_class=org.h2.Driver, hibernate.hbm2ddl.auto=create, hibernate.dialect=org.hibernate.dialect.H2Dialect, hibernate.connection.password=****, hibernate.connection.username=sa, hibernate.connection.url=jdbc:h2:mem:./data/scoreboard_db;DB_CLOSE_DELAY=-1, hibernate.connection.pool_size=10, hibernate.current_session_context_class=thread}
2026-02-04 10:14:59 WARN  o.hibernate.orm.connections.pooling - HHH10001002: Using built-in connection pool (not intended for production use)
2026-02-04 10:15:00 WARN  org.hibernate.orm.deprecation - HHH90000025: H2Dialect does not need to be specified explicitly using 'hibernate.dialect' (remove the property setting and it will be selected by default)
2026-02-04 10:15:00 INFO  o.hibernate.orm.connections.pooling - HHH10001005: Database info:
	Database JDBC URL [jdbc:h2:mem:./data/scoreboard_db;DB_CLOSE_DELAY=-1]
	Database driver: org.h2.Driver
	Database version: 2.3.232
	Autocommit mode: false
	Isolation level: undefined/unknown
	Pool: DriverManagerConnectionProviderImpl
	Minimum pool size: 1
	Maximum pool size: 10
2026-02-04 10:15:00 DEBUG org.hibernate.SQL - drop table if exists Matches cascade 
2026-02-04 10:15:00 INFO  o.hibernate.orm.connections.access - HHH10001501: Connection obtained from JdbcConnectionAccess [org.hibernate.engine.jdbc.env.internal.JdbcEnvironmentInitiator$ConnectionProviderJdbcConnectionAccess@54be6213] for (non-JTA) DDL execution was not in auto-commit mode; the Connection 'local transaction' will be committed and the Connection will be set into auto-commit mode.
2026-02-04 10:15:00 DEBUG org.hibernate.SQL - drop table if exists Players cascade 
2026-02-04 10:15:00 DEBUG org.hibernate.SQL - create table Matches (first_player bigint, id BIGINT generated by default as identity, second_player bigint, winner bigint, primary key (id))
2026-02-04 10:15:00 INFO  o.hibernate.orm.connections.access - HHH10001501: Connection obtained from JdbcConnectionAccess [org.hibernate.engine.jdbc.env.internal.JdbcEnvironmentInitiator$ConnectionProviderJdbcConnectionAccess@2ae5bd34] for (non-JTA) DDL execution was not in auto-commit mode; the Connection 'local transaction' will be committed and the Connection will be set into auto-commit mode.
2026-02-04 10:15:00 DEBUG org.hibernate.SQL - create table Players (id bigint generated by default as identity, name VARCHAR not null unique, primary key (id))
2026-02-04 10:15:00 DEBUG org.hibernate.SQL - alter table if exists Matches add constraint FKn85v5k7x6k5ttvm386a04y703 foreign key (first_player) references Players
2026-02-04 10:15:00 DEBUG org.hibernate.SQL - alter table if exists Matches add constraint FKifkkjnajnfuje5l925oq6qqua foreign key (second_player) references Players
2026-02-04 10:15:00 DEBUG org.hibernate.SQL - alter table if exists Matches add constraint FKppea4u7g9w0udc45cclufj64u foreign key (winner) references Players
2026-02-04 10:15:01 DEBUG org.hibernate.SQL - select p1_0.id,p1_0.name from Players p1_0 where p1_0.name in (?,?)
2026-02-04 10:15:01 DEBUG org.hibernate.SQL - insert into Players (name,id) values (?,default)
2026-02-04 10:15:01 DEBUG org.hibernate.SQL - insert into Players (name,id) values (?,default)
2026-02-04 10:15:01 DEBUG org.hibernate.SQL - insert into Matches (first_player,second_player,winner,id) values (?,?,?,default)
2026-02-04 10:15:01 DEBUG org.hibernate.SQL - select p1_0.id,p1_0.name from Players p1_0 where p1_0.name in (?,?)
2026-02-04 10:15:01 DEBUG org.hibernate.SQL - insert into Players (name,id) values (?,default)
2026-02-04 10:15:01 DEBUG org.hibernate.SQL - insert into Matches (first_player,second_player,winner,id) values (?,?,?,default)
2026-02-04 10:15:01 DEBUG org.hibernate.SQL - select p1_0.id,p1_0.name from Players p1_0 where p1_0.name in (?,?)
2026-02-04 10:15:01 DEBUG org.hibernate.SQL - insert into Matches (first_player,second_player,winner,id) values (?,?,?,default)
2026-02-04 10:15:01 DEBUG org.hibernate.SQL - select p1_0.id,p1_0.name from Players p1_0 where p1_0.name in (?,?)
2026-02-04 10:15:01 DEBUG org.hibernate.SQL - insert into Matches (first_player,second_player,winner,id) values (?,?,?,default)
2026-02-04 10:15:01 DEBUG org.hibernate.SQL - select p1_0.id,p1_0.name from Players p1_0 where p1_0.name in (?,?)
2026-02-04 10:15:01 DEBUG org.hibernate.SQL - insert into Matches (first_player,second_player,winner,id) values (?,?,?,default)
2026-02-04 10:15:05 INFO  org.hibernate.Version - HHH000412: Hibernate ORM core version 7.0.8.Final
2026-02-04 10:15:05 INFO  org.hibernate.cfg.Environment - HHH000205: Loaded properties from resource hibernate.properties: {hibernate.connection.driver_class=org.h2.Driver, hibernate.hbm2ddl.auto=create, hibernate.dialect=org.hibernate.dialect.H2Dialect, hibernate.connection.password=****, hibernate.connection.username=sa, hibernate.connection.url=jdbc:h2:mem:./data/scoreboard_db;DB_CLOSE_DELAY=-1, hibernate.connection.pool_size=10, hibernate.current_session_context_class=thread}
2026-02-04 10:15:05 WARN  o.hibernate.orm.connections.pooling - HHH10001002: Using built-in connection pool (not intended for production use)
2026-02-04 10:15:06 WARN  org.hibernate.orm.deprecation - HHH90000025: H2Dialect does not need to be specified explicitly using 'hibernate.dialect' (remove the property setting and it will be selected by default)
2026-02-04 10:15:06 INFO  o.hibernate.orm.connections.pooling - HHH10001005: Database info:
	Database JDBC URL [jdbc:h2:mem:./data/scoreboard_db;DB_CLOSE_DELAY=-1]
	Database driver: org.h2.Driver
	Database version: 2.3.232
	Autocommit mode: false
	Isolation level: undefined/unknown
	Pool: DriverManagerConnectionProviderImpl
	Minimum pool size: 1
	Maximum pool size: 10
2026-02-04 10:15:06 DEBUG org.hibernate.SQL - drop table if exists Matches cascade 
2026-02-04 10:15:06 INFO  o.hibernate.orm.connections.access - HHH10001501: Connection obtained from JdbcConnectionAccess [org.hibernate.engine.jdbc.env.internal.JdbcEnvironmentInitiator$ConnectionProviderJdbcConnectionAccess@2a6fb62f] for (non-JTA) DDL execution was not in auto-commit mode; the Connection 'local transaction' will be committed and the Connection will be set into auto-commit mode.
2026-02-04 10:15:06 DEBUG org.hibernate.SQL - drop table if exists Players cascade 
2026-02-04 10:15:06 DEBUG org.hibernate.SQL - create table Matches (first_player bigint, id BIGINT generated by default as identity, second_player bigint, winner bigint, primary key (id))
2026-02-04 10:15:06 INFO  o.hibernate.orm.connections.access - HHH10001501: Connection obtained from JdbcConnectionAccess [org.hibernate.engine.jdbc.env.internal.JdbcEnvironmentInitiator$ConnectionProviderJdbcConnectionAccess@6dded900] for (non-JTA) DDL execution was not in auto-commit mode; the Connection 'local transaction' will be committed and the Connection will be set into auto-commit mode.
2026-02-04 10:15:06 DEBUG org.hibernate.SQL - create table Players (id bigint generated by default as identity, name VARCHAR not null unique, primary key (id))
2026-02-04 10:15:06 DEBUG org.hibernate.SQL - alter table if exists Matches add constraint FKn85v5k7x6k5ttvm386a04y703 foreign key (first_player) references Players
2026-02-04 10:15:06 DEBUG org.hibernate.SQL - alter table if exists Matches add constraint FKifkkjnajnfuje5l925oq6qqua foreign key (second_player) references Players
2026-02-04 10:15:06 DEBUG org.hibernate.SQL - alter table if exists Matches add constraint FKppea4u7g9w0udc45cclufj64u foreign key (winner) references Players
2026-02-04 10:15:07 DEBUG org.hibernate.SQL - select p1_0.id,p1_0.name from Players p1_0 where p1_0.name in (?,?)
2026-02-04 10:15:07 DEBUG org.hibernate.SQL - insert into Players (name,id) values (?,default)
2026-02-04 10:15:07 DEBUG org.hibernate.SQL - insert into Players (name,id) values (?,default)
2026-02-04 10:15:07 DEBUG org.hibernate.SQL - insert into Matches (first_player,second_player,winner,id) values (?,?,?,default)
2026-02-04 10:20:10 INFO  org.hibernate.Version - HHH000412: Hibernate ORM core version 7.0.8.Final
2026-02-04 10:20:10 INFO  org.hibernate.cfg.Environment - HHH000205: Loaded properties from resource hibernate.properties: {hibernate.connection.driver_class=org.h2.Driver, hibernate.hbm2ddl.auto=create, hibernate.dialect=org.hibernate.dialect.H2Dialect, hibernate.connection.password=****, hibernate.connection.username=sa, hibernate.connection.url=jdbc:h2:mem:./data/scoreboard_db;DB_CLOSE_DELAY=-1, hibernate.connection.pool_size=10, hibernate.current_session_context_class=thread}
2026-02-04 10:20:10 WARN  o.hibernate.orm.connections.pooling - HHH10001002: Using built-in connection pool (not intended for production use)
2026-02-04 10:20:10 WARN  org.hibernate.orm.deprecation - HHH90000025: H2Dialect does not need to be specified explicitly using 'hibernate.dialect' (remove the property setting and it will be selected by default)
2026-02-04 10:20:10 INFO  o.hibernate.orm.connections.pooling - HHH10001005: Database info:
	Database JDBC URL [jdbc:h2:mem:./data/scoreboard_db;DB_CLOSE_DELAY=-1]
	Database driver: org.h2.Driver
	Database version: 2.3.232
	Autocommit mode: false
	Isolation level: undefined/unknown
	Pool: DriverManagerConnectionProviderImpl
	Minimum pool size: 1
	Maximum pool size: 10
2026-02-04 10:20:11 DEBUG org.hibernate.SQL - drop table if exists Matches cascade 
2026-02-04 10:20:11 INFO  o.hibernate.orm.connections.access - HHH10001501: Connection obtained from JdbcConnectionAccess [org.hibernate.engine.jdbc.env.internal.JdbcEnvironmentInitiator$ConnectionProviderJdbcConnectionAccess@54be6213] for (non-JTA) DDL execution was not in auto-commit mode; the Connection 'local transaction' will be committed and the Connection will be set into auto-commit mode.
2026-02-04 10:20:11 DEBUG org.hibernate.SQL - drop table if exists Players cascade 
2026-02-04 10:20:11 DEBUG org.hibernate.SQL - create table Matches (first_player bigint, id BIGINT generated by default as identity, second_player bigint, winner bigint, primary key (id))
2026-02-04 10:20:11 INFO  o.hibernate.orm.connections.access - HHH10001501: Connection obtained from JdbcConnectionAccess [org.hibernate.engine.jdbc.env.internal.JdbcEnvironmentInitiator$ConnectionProviderJdbcConnectionAccess@2ae5bd34] for (non-JTA) DDL execution was not in auto-commit mode; the Connection 'local transaction' will be committed and the Connection will be set into auto-commit mode.
2026-02-04 10:20:11 DEBUG org.hibernate.SQL - create table Players (id bigint generated by default as identity, name VARCHAR not null unique, primary key (id))
2026-02-04 10:20:11 DEBUG org.hibernate.SQL - alter table if exists Matches add constraint FKn85v5k7x6k5ttvm386a04y703 foreign key (first_player) references Players
2026-02-04 10:20:11 DEBUG org.hibernate.SQL - alter table if exists Matches add constraint FKifkkjnajnfuje5l925oq6qqua foreign key (second_player) references Players
2026-02-04 10:20:11 DEBUG org.hibernate.SQL - alter table if exists Matches add constraint FKppea4u7g9w0udc45cclufj64u foreign key (winner) references Players
2026-02-04 10:20:11 DEBUG org.hibernate.SQL - select p1_0.id,p1_0.name from Players p1_0 where p1_0.name in (?,?)
2026-02-04 10:20:11 DEBUG org.hibernate.SQL - insert into Players (name,id) values (?,default)
2026-02-04 10:20:11 DEBUG org.hibernate.SQL - insert into Players (name,id) values (?,default)
2026-02-04 10:20:11 DEBUG org.hibernate.SQL - insert into Matches (first_player,second_player,winner,id) values (?,?,?,default)
2026-02-04 10:20:11 DEBUG org.hibernate.SQL - select p1_0.id,p1_0.name from Players p1_0 where p1_0.name in (?,?)
2026-02-04 10:20:11 DEBUG org.hibernate.SQL - insert into Players (name,id) values (?,default)
2026-02-04 10:20:11 DEBUG org.hibernate.SQL - insert into Matches (first_player,second_player,winner,id) values (?,?,?,default)
2026-02-04 10:20:11 DEBUG org.hibernate.SQL - select p1_0.id,p1_0.name from Players p1_0 where p1_0.name in (?,?)
2026-02-04 10:20:11 DEBUG org.hibernate.SQL - insert into Matches (first_player,second_player,winner,id) values (?,?,?,default)
2026-02-04 10:20:11 DEBUG org.hibernate.SQL - select p1_0.id,p1_0.name from Players p1_0 where p1_0.name in (?,?)
2026-02-04 10:20:11 DEBUG org.hibernate.SQL - insert into Matches (first_player,second_player,winner,id) values (?,?,?,default)
2026-02-04 10:20:11 DEBUG org.hibernate.SQL - select p1_0.id,p1_0.name from Players p1_0 where p1_0.name in (?,?)
2026-02-04 10:20:11 DEBUG org.hibernate.SQL - insert into Matches (first_player,second_player,winner,id) values (?,?,?,default)
2026-02-04 10:23:06 INFO  org.hibernate.Version - HHH000412: Hibernate ORM core version 7.0.8.Final
2026-02-04 10:23:06 INFO  org.hibernate.cfg.Environment - HHH000205: Loaded properties from resource hibernate.properties: {hibernate.connection.driver_class=org.h2.Driver, hibernate.hbm2ddl.auto=create, hibernate.dialect=org.hibernate.dialect.H2Dialect, hibernate.connection.password=****, hibernate.connection.username=sa, hibernate.connection.url=jdbc:h2:mem:./data/scoreboard_db;DB_CLOSE_DELAY=-1, hibernate.connection.pool_size=10, hibernate.current_session_context_class=thread}
2026-02-04 10:23:06 WARN  o.hibernate.orm.connections.pooling - HHH10001002: Using built-in connection pool (not intended for production use)
2026-02-04 10:23:06 WARN  org.hibernate.orm.deprecation - HHH90000025: H2Dialect does not need to be specified explicitly using 'hibernate.dialect' (remove the property setting and it will be selected by default)
2026-02-04 10:23:06 INFO  o.hibernate.orm.connections.pooling - HHH10001005: Database info:
	Database JDBC URL [jdbc:h2:mem:./data/scoreboard_db;DB_CLOSE_DELAY=-1]
	Database driver: org.h2.Driver
	Database version: 2.3.232
	Autocommit mode: false
	Isolation level: undefined/unknown
	Pool: DriverManagerConnectionProviderImpl
	Minimum pool size: 1
	Maximum pool size: 10
2026-02-04 10:23:07 DEBUG org.hibernate.SQL - drop table if exists Matches cascade 
2026-02-04 10:23:07 INFO  o.hibernate.orm.connections.access - HHH10001501: Connection obtained from JdbcConnectionAccess [org.hibernate.engine.jdbc.env.internal.JdbcEnvironmentInitiator$ConnectionProviderJdbcConnectionAccess@45e7bb79] for (non-JTA) DDL execution was not in auto-commit mode; the Connection 'local transaction' will be committed and the Connection will be set into auto-commit mode.
2026-02-04 10:23:07 DEBUG org.hibernate.SQL - drop table if exists Players cascade 
2026-02-04 10:23:07 DEBUG org.hibernate.SQL - create table Matches (first_player bigint, id BIGINT generated by default as identity, second_player bigint, winner bigint, primary key (id))
2026-02-04 10:23:07 INFO  o.hibernate.orm.connections.access - HHH10001501: Connection obtained from JdbcConnectionAccess [org.hibernate.engine.jdbc.env.internal.JdbcEnvironmentInitiator$ConnectionProviderJdbcConnectionAccess@6a6d1ff3] for (non-JTA) DDL execution was not in auto-commit mode; the Connection 'local transaction' will be committed and the Connection will be set into auto-commit mode.
2026-02-04 10:23:07 DEBUG org.hibernate.SQL - create table Players (id bigint generated by default as identity, name VARCHAR not null unique, primary key (id))
2026-02-04 10:23:07 DEBUG org.hibernate.SQL - alter table if exists Matches add constraint FKn85v5k7x6k5ttvm386a04y703 foreign key (first_player) references Players
2026-02-04 10:23:07 DEBUG org.hibernate.SQL - alter table if exists Matches add constraint FKifkkjnajnfuje5l925oq6qqua foreign key (second_player) references Players
2026-02-04 10:23:07 DEBUG org.hibernate.SQL - alter table if exists Matches add constraint FKppea4u7g9w0udc45cclufj64u foreign key (winner) references Players
2026-02-04 10:23:08 DEBUG org.hibernate.SQL - select p1_0.id,p1_0.name from Players p1_0 where p1_0.name in (?,?)
2026-02-04 10:23:08 DEBUG org.hibernate.SQL - insert into Players (name,id) values (?,default)
2026-02-04 10:23:08 DEBUG org.hibernate.SQL - insert into Players (name,id) values (?,default)
2026-02-04 10:23:08 DEBUG org.hibernate.SQL - insert into Matches (first_player,second_player,winner,id) values (?,?,?,default)
2026-02-04 10:23:08 DEBUG org.hibernate.SQL - select p1_0.id,p1_0.name from Players p1_0 where p1_0.name in (?,?)
2026-02-04 10:23:08 DEBUG org.hibernate.SQL - insert into Players (name,id) values (?,default)
2026-02-04 10:23:08 DEBUG org.hibernate.SQL - insert into Matches (first_player,second_player,winner,id) values (?,?,?,default)
2026-02-04 10:23:08 DEBUG org.hibernate.SQL - DELETE FROM Matches
2026-02-04 10:23:08 DEBUG org.hibernate.SQL - DELETE FROM Players
2026-02-04 10:23:08 DEBUG org.hibernate.SQL - select p1_0.id,p1_0.name from Players p1_0 where p1_0.name in (?,?)
2026-02-04 10:23:08 DEBUG org.hibernate.SQL - insert into Players (name,id) values (?,default)
2026-02-04 10:23:08 DEBUG org.hibernate.SQL - insert into Players (name,id) values (?,default)
2026-02-04 10:23:08 DEBUG org.hibernate.SQL - insert into Matches (first_player,second_player,winner,id) values (?,?,?,default)
2026-02-04 10:23:08 DEBUG org.hibernate.SQL - DELETE FROM Matches
2026-02-04 10:23:08 DEBUG org.hibernate.SQL - DELETE FROM Players
2026-02-04 10:23:08 DEBUG org.hibernate.SQL - select p1_0.id,p1_0.name from Players p1_0 where p1_0.name in (?,?)
2026-02-04 10:23:08 DEBUG org.hibernate.SQL - insert into Players (name,id) values (?,default)
2026-02-04 10:23:08 DEBUG org.hibernate.SQL - insert into Players (name,id) values (?,default)
2026-02-04 10:23:08 DEBUG org.hibernate.SQL - insert into Matches (first_player,second_player,winner,id) values (?,?,?,default)
2026-02-04 10:23:08 DEBUG org.hibernate.SQL - select p1_0.id,p1_0.name from Players p1_0 where p1_0.name in (?,?)
2026-02-04 10:23:08 DEBUG org.hibernate.SQL - insert into Matches (first_player,second_player,winner,id) values (?,?,?,default)
2026-02-04 10:23:08 DEBUG org.hibernate.SQL - DELETE FROM Matches
2026-02-04 10:23:08 DEBUG org.hibernate.SQL - DELETE FROM Players
2026-02-04 16:23:55 INFO  org.hibernate.Version - HHH000412: Hibernate ORM core version 7.0.8.Final
2026-02-04 16:23:55 INFO  org.hibernate.cfg.Environment - HHH000205: Loaded properties from resource hibernate.properties: {hibernate.connection.driver_class=org.h2.Driver, hibernate.hbm2ddl.auto=create, hibernate.dialect=org.hibernate.dialect.H2Dialect, hibernate.connection.password=****, hibernate.connection.username=sa, hibernate.connection.url=jdbc:h2:mem:./data/scoreboard_db;DB_CLOSE_DELAY=-1, hibernate.connection.pool_size=10, hibernate.current_session_context_class=thread}
2026-02-04 16:23:56 WARN  o.hibernate.orm.connections.pooling - HHH10001002: Using built-in connection pool (not intended for production use)
2026-02-04 16:23:56 WARN  org.hibernate.orm.deprecation - HHH90000025: H2Dialect does not need to be specified explicitly using 'hibernate.dialect' (remove the property setting and it will be selected by default)
2026-02-04 16:23:56 INFO  o.hibernate.orm.connections.pooling - HHH10001005: Database info:
	Database JDBC URL [jdbc:h2:mem:./data/scoreboard_db;DB_CLOSE_DELAY=-1]
	Database driver: org.h2.Driver
	Database version: 2.3.232
	Autocommit mode: false
	Isolation level: undefined/unknown
	Pool: DriverManagerConnectionProviderImpl
	Minimum pool size: 1
	Maximum pool size: 10
2026-02-04 16:23:57 DEBUG org.hibernate.SQL - drop table if exists Matches cascade 
2026-02-04 16:23:57 INFO  o.hibernate.orm.connections.access - HHH10001501: Connection obtained from JdbcConnectionAccess [org.hibernate.engine.jdbc.env.internal.JdbcEnvironmentInitiator$ConnectionProviderJdbcConnectionAccess@59933644] for (non-JTA) DDL execution was not in auto-commit mode; the Connection 'local transaction' will be committed and the Connection will be set into auto-commit mode.
2026-02-04 16:23:57 DEBUG org.hibernate.SQL - drop table if exists Players cascade 
2026-02-04 16:23:57 DEBUG org.hibernate.SQL - create table Matches (first_player bigint, id BIGINT generated by default as identity, second_player bigint, winner bigint, primary key (id))
2026-02-04 16:23:57 INFO  o.hibernate.orm.connections.access - HHH10001501: Connection obtained from JdbcConnectionAccess [org.hibernate.engine.jdbc.env.internal.JdbcEnvironmentInitiator$ConnectionProviderJdbcConnectionAccess@78545d40] for (non-JTA) DDL execution was not in auto-commit mode; the Connection 'local transaction' will be committed and the Connection will be set into auto-commit mode.
2026-02-04 16:23:57 DEBUG org.hibernate.SQL - create table Players (id bigint generated by default as identity, name VARCHAR not null unique, primary key (id))
2026-02-04 16:23:57 DEBUG org.hibernate.SQL - alter table if exists Matches add constraint FKn85v5k7x6k5ttvm386a04y703 foreign key (first_player) references Players
2026-02-04 16:23:57 DEBUG org.hibernate.SQL - alter table if exists Matches add constraint FKifkkjnajnfuje5l925oq6qqua foreign key (second_player) references Players
2026-02-04 16:23:57 DEBUG org.hibernate.SQL - alter table if exists Matches add constraint FKppea4u7g9w0udc45cclufj64u foreign key (winner) references Players
2026-02-04 16:23:57 DEBUG org.hibernate.SQL - select p1_0.id,p1_0.name from Players p1_0 where p1_0.name in (?,?)
2026-02-04 16:23:57 DEBUG org.hibernate.SQL - insert into Players (name,id) values (?,default)
2026-02-04 16:23:57 DEBUG org.hibernate.SQL - insert into Players (name,id) values (?,default)
2026-02-04 16:23:57 DEBUG org.hibernate.SQL - insert into Matches (first_player,second_player,winner,id) values (?,?,?,default)
2026-02-04 16:23:57 DEBUG org.hibernate.SQL - select p1_0.id,p1_0.name from Players p1_0 where p1_0.name in (?,?)
2026-02-04 16:23:57 DEBUG org.hibernate.SQL - insert into Players (name,id) values (?,default)
2026-02-04 16:23:57 DEBUG org.hibernate.SQL - insert into Matches (first_player,second_player,winner,id) values (?,?,?,default)
2026-02-04 16:23:57 DEBUG org.hibernate.SQL - DELETE FROM Matches
2026-02-04 16:23:57 DEBUG org.hibernate.SQL - DELETE FROM Players
2026-02-04 16:23:57 DEBUG org.hibernate.SQL - select p1_0.id,p1_0.name from Players p1_0 where p1_0.name in (?,?)
2026-02-04 16:23:57 DEBUG org.hibernate.SQL - insert into Players (name,id) values (?,default)
2026-02-04 16:23:57 DEBUG org.hibernate.SQL - insert into Players (name,id) values (?,default)
2026-02-04 16:23:57 DEBUG org.hibernate.SQL - insert into Matches (first_player,second_player,winner,id) values (?,?,?,default)
2026-02-04 16:23:57 DEBUG org.hibernate.SQL - DELETE FROM Matches
2026-02-04 16:23:57 DEBUG org.hibernate.SQL - DELETE FROM Players
2026-02-04 16:23:57 DEBUG org.hibernate.SQL - select p1_0.id,p1_0.name from Players p1_0 where p1_0.name in (?,?)
2026-02-04 16:23:57 DEBUG org.hibernate.SQL - insert into Players (name,id) values (?,default)
2026-02-04 16:23:57 DEBUG org.hibernate.SQL - insert into Players (name,id) values (?,default)
2026-02-04 16:23:57 DEBUG org.hibernate.SQL - insert into Matches (first_player,second_player,winner,id) values (?,?,?,default)
2026-02-04 16:23:57 DEBUG org.hibernate.SQL - select p1_0.id,p1_0.name from Players p1_0 where p1_0.name in (?,?)
2026-02-04 16:23:57 DEBUG org.hibernate.SQL - insert into Matches (first_player,second_player,winner,id) values (?,?,?,default)
2026-02-04 16:23:57 DEBUG org.hibernate.SQL - DELETE FROM Matches
2026-02-04 16:23:57 DEBUG org.hibernate.SQL - DELETE FROM Players
2026-02-04 17:58:49 INFO  org.hibernate.Version - HHH000412: Hibernate ORM core version 7.0.8.Final
2026-02-04 17:58:49 INFO  org.hibernate.cfg.Environment - HHH000205: Loaded properties from resource hibernate.properties: {hibernate.connection.driver_class=org.h2.Driver, hibernate.hbm2ddl.auto=create, hibernate.dialect=org.hibernate.dialect.H2Dialect, hibernate.connection.password=****, hibernate.connection.username=sa, hibernate.connection.url=jdbc:h2:mem:./data/scoreboard_db;DB_CLOSE_DELAY=-1, hibernate.connection.pool_size=10, hibernate.current_session_context_class=thread}
2026-02-04 17:58:50 WARN  o.hibernate.orm.connections.pooling - HHH10001002: Using built-in connection pool (not intended for production use)
2026-02-04 17:58:50 WARN  org.hibernate.orm.deprecation - HHH90000025: H2Dialect does not need to be specified explicitly using 'hibernate.dialect' (remove the property setting and it will be selected by default)
2026-02-04 17:58:50 INFO  o.hibernate.orm.connections.pooling - HHH10001005: Database info:
	Database JDBC URL [jdbc:h2:mem:./data/scoreboard_db;DB_CLOSE_DELAY=-1]
	Database driver: org.h2.Driver
	Database version: 2.3.232
	Autocommit mode: false
	Isolation level: undefined/unknown
	Pool: DriverManagerConnectionProviderImpl
	Minimum pool size: 1
	Maximum pool size: 10
2026-02-04 17:58:51 DEBUG org.hibernate.SQL - drop table if exists Matches cascade 
2026-02-04 17:58:51 INFO  o.hibernate.orm.connections.access - HHH10001501: Connection obtained from JdbcConnectionAccess [org.hibernate.engine.jdbc.env.internal.JdbcEnvironmentInitiator$ConnectionProviderJdbcConnectionAccess@59933644] for (non-JTA) DDL execution was not in auto-commit mode; the Connection 'local transaction' will be committed and the Connection will be set into auto-commit mode.
2026-02-04 17:58:51 DEBUG org.hibernate.SQL - drop table if exists Players cascade 
2026-02-04 17:58:51 DEBUG org.hibernate.SQL - create table Matches (first_player bigint, id BIGINT generated by default as identity, second_player bigint, winner bigint, primary key (id))
2026-02-04 17:58:51 INFO  o.hibernate.orm.connections.access - HHH10001501: Connection obtained from JdbcConnectionAccess [org.hibernate.engine.jdbc.env.internal.JdbcEnvironmentInitiator$ConnectionProviderJdbcConnectionAccess@78545d40] for (non-JTA) DDL execution was not in auto-commit mode; the Connection 'local transaction' will be committed and the Connection will be set into auto-commit mode.
2026-02-04 17:58:51 DEBUG org.hibernate.SQL - create table Players (id bigint generated by default as identity, name VARCHAR not null unique, primary key (id))
2026-02-04 17:58:51 DEBUG org.hibernate.SQL - alter table if exists Matches add constraint FKn85v5k7x6k5ttvm386a04y703 foreign key (first_player) references Players
2026-02-04 17:58:51 DEBUG org.hibernate.SQL - alter table if exists Matches add constraint FKifkkjnajnfuje5l925oq6qqua foreign key (second_player) references Players
2026-02-04 17:58:51 DEBUG org.hibernate.SQL - alter table if exists Matches add constraint FKppea4u7g9w0udc45cclufj64u foreign key (winner) references Players
2026-02-04 17:58:51 DEBUG org.hibernate.SQL - select p1_0.id,p1_0.name from Players p1_0 where p1_0.name in (?,?)
2026-02-04 17:58:51 DEBUG org.hibernate.SQL - insert into Players (name,id) values (?,default)
2026-02-04 17:58:51 DEBUG org.hibernate.SQL - insert into Players (name,id) values (?,default)
2026-02-04 17:58:51 DEBUG org.hibernate.SQL - insert into Matches (first_player,second_player,winner,id) values (?,?,?,default)
2026-02-04 17:58:51 DEBUG org.hibernate.SQL - select p1_0.id,p1_0.name from Players p1_0 where p1_0.name in (?,?)
2026-02-04 17:58:51 DEBUG org.hibernate.SQL - insert into Players (name,id) values (?,default)
2026-02-04 17:58:51 DEBUG org.hibernate.SQL - insert into Matches (first_player,second_player,winner,id) values (?,?,?,default)
2026-02-04 17:58:51 DEBUG org.hibernate.SQL - DELETE FROM Matches
2026-02-04 17:58:51 DEBUG org.hibernate.SQL - DELETE FROM Players
2026-02-04 17:58:51 DEBUG org.hibernate.SQL - select p1_0.id,p1_0.name from Players p1_0 where p1_0.name in (?,?)
2026-02-04 17:58:51 DEBUG org.hibernate.SQL - insert into Players (name,id) values (?,default)
2026-02-04 17:58:51 DEBUG org.hibernate.SQL - insert into Players (name,id) values (?,default)
2026-02-04 17:58:51 DEBUG org.hibernate.SQL - insert into Matches (first_player,second_player,winner,id) values (?,?,?,default)
2026-02-04 17:58:51 DEBUG org.hibernate.SQL - DELETE FROM Matches
2026-02-04 17:58:51 DEBUG org.hibernate.SQL - DELETE FROM Players
2026-02-04 17:58:51 DEBUG org.hibernate.SQL - select p1_0.id,p1_0.name from Players p1_0 where p1_0.name in (?,?)
2026-02-04 17:58:51 DEBUG org.hibernate.SQL - insert into Players (name,id) values (?,default)
2026-02-04 17:58:51 DEBUG org.hibernate.SQL - insert into Players (name,id) values (?,default)
2026-02-04 17:58:51 DEBUG org.hibernate.SQL - insert into Matches (first_player,second_player,winner,id) values (?,?,?,default)
2026-02-04 17:58:51 DEBUG org.hibernate.SQL - select p1_0.id,p1_0.name from Players p1_0 where p1_0.name in (?,?)
2026-02-04 17:58:51 DEBUG org.hibernate.SQL - insert into Matches (first_player,second_player,winner,id) values (?,?,?,default)
2026-02-04 17:58:51 DEBUG org.hibernate.SQL - DELETE FROM Matches
2026-02-04 17:58:51 DEBUG org.hibernate.SQL - DELETE FROM Players
2026-02-04 18:01:48 INFO  org.hibernate.Version - HHH000412: Hibernate ORM core version 7.0.8.Final
2026-02-04 18:01:48 INFO  org.hibernate.cfg.Environment - HHH000205: Loaded properties from resource hibernate.properties: {hibernate.connection.driver_class=org.h2.Driver, hibernate.hbm2ddl.auto=create, hibernate.dialect=org.hibernate.dialect.H2Dialect, hibernate.connection.password=****, hibernate.connection.username=sa, hibernate.connection.url=jdbc:h2:mem:./data/scoreboard_db;DB_CLOSE_DELAY=-1, hibernate.connection.pool_size=10, hibernate.current_session_context_class=thread}
2026-02-04 18:01:48 WARN  o.hibernate.orm.connections.pooling - HHH10001002: Using built-in connection pool (not intended for production use)
2026-02-04 18:01:48 WARN  org.hibernate.orm.deprecation - HHH90000025: H2Dialect does not need to be specified explicitly using 'hibernate.dialect' (remove the property setting and it will be selected by default)
2026-02-04 18:01:48 INFO  o.hibernate.orm.connections.pooling - HHH10001005: Database info:
	Database JDBC URL [jdbc:h2:mem:./data/scoreboard_db;DB_CLOSE_DELAY=-1]
	Database driver: org.h2.Driver
	Database version: 2.3.232
	Autocommit mode: false
	Isolation level: undefined/unknown
	Pool: DriverManagerConnectionProviderImpl
	Minimum pool size: 1
	Maximum pool size: 10
2026-02-04 18:01:49 DEBUG org.hibernate.SQL - drop table if exists Matches cascade 
2026-02-04 18:01:49 INFO  o.hibernate.orm.connections.access - HHH10001501: Connection obtained from JdbcConnectionAccess [org.hibernate.engine.jdbc.env.internal.JdbcEnvironmentInitiator$ConnectionProviderJdbcConnectionAccess@59933644] for (non-JTA) DDL execution was not in auto-commit mode; the Connection 'local transaction' will be committed and the Connection will be set into auto-commit mode.
2026-02-04 18:01:49 DEBUG org.hibernate.SQL - drop table if exists Players cascade 
2026-02-04 18:01:49 DEBUG org.hibernate.SQL - create table Matches (first_player bigint, id BIGINT generated by default as identity, second_player bigint, winner bigint, primary key (id))
2026-02-04 18:01:49 INFO  o.hibernate.orm.connections.access - HHH10001501: Connection obtained from JdbcConnectionAccess [org.hibernate.engine.jdbc.env.internal.JdbcEnvironmentInitiator$ConnectionProviderJdbcConnectionAccess@78545d40] for (non-JTA) DDL execution was not in auto-commit mode; the Connection 'local transaction' will be committed and the Connection will be set into auto-commit mode.
2026-02-04 18:01:49 DEBUG org.hibernate.SQL - create table Players (id bigint generated by default as identity, name VARCHAR not null unique, primary key (id))
2026-02-04 18:01:49 DEBUG org.hibernate.SQL - alter table if exists Matches add constraint FKn85v5k7x6k5ttvm386a04y703 foreign key (first_player) references Players
2026-02-04 18:01:49 DEBUG org.hibernate.SQL - alter table if exists Matches add constraint FKifkkjnajnfuje5l925oq6qqua foreign key (second_player) references Players
2026-02-04 18:01:49 DEBUG org.hibernate.SQL - alter table if exists Matches add constraint FKppea4u7g9w0udc45cclufj64u foreign key (winner) references Players
2026-02-04 18:01:49 DEBUG org.hibernate.SQL - select p1_0.id,p1_0.name from Players p1_0 where p1_0.name in (?,?)
2026-02-04 18:01:50 DEBUG org.hibernate.SQL - insert into Players (name,id) values (?,default)
2026-02-04 18:01:50 DEBUG org.hibernate.SQL - insert into Players (name,id) values (?,default)
2026-02-04 18:01:50 DEBUG org.hibernate.SQL - insert into Matches (first_player,second_player,winner,id) values (?,?,?,default)
2026-02-04 18:01:50 DEBUG org.hibernate.SQL - select p1_0.id,p1_0.name from Players p1_0 where p1_0.name in (?,?)
2026-02-04 18:01:50 DEBUG org.hibernate.SQL - insert into Players (name,id) values (?,default)
2026-02-04 18:01:50 DEBUG org.hibernate.SQL - insert into Matches (first_player,second_player,winner,id) values (?,?,?,default)
2026-02-04 18:01:50 DEBUG org.hibernate.SQL - DELETE FROM Matches
2026-02-04 18:01:50 DEBUG org.hibernate.SQL - DELETE FROM Players
2026-02-04 18:01:50 DEBUG org.hibernate.SQL - select p1_0.id,p1_0.name from Players p1_0 where p1_0.name in (?,?)
2026-02-04 18:01:50 DEBUG org.hibernate.SQL - insert into Players (name,id) values (?,default)
2026-02-04 18:01:50 DEBUG org.hibernate.SQL - insert into Players (name,id) values (?,default)
2026-02-04 18:01:50 DEBUG org.hibernate.SQL - insert into Matches (first_player,second_player,winner,id) values (?,?,?,default)
2026-02-04 18:01:50 DEBUG org.hibernate.SQL - DELETE FROM Matches
2026-02-04 18:01:50 DEBUG org.hibernate.SQL - DELETE FROM Players
2026-02-04 18:01:50 DEBUG org.hibernate.SQL - select p1_0.id,p1_0.name from Players p1_0 where p1_0.name in (?,?)
2026-02-04 18:01:50 DEBUG org.hibernate.SQL - insert into Players (name,id) values (?,default)
2026-02-04 18:01:50 DEBUG org.hibernate.SQL - insert into Players (name,id) values (?,default)
2026-02-04 18:01:50 DEBUG org.hibernate.SQL - insert into Matches (first_player,second_player,winner,id) values (?,?,?,default)
2026-02-04 18:01:50 DEBUG org.hibernate.SQL - select p1_0.id,p1_0.name from Players p1_0 where p1_0.name in (?,?)
2026-02-04 18:01:50 DEBUG org.hibernate.SQL - insert into Matches (first_player,second_player,winner,id) values (?,?,?,default)
2026-02-04 18:01:50 DEBUG org.hibernate.SQL - DELETE FROM Matches
2026-02-04 18:01:50 DEBUG org.hibernate.SQL - DELETE FROM Players
2026-02-04 18:07:03 INFO  org.hibernate.Version - HHH000412: Hibernate ORM core version 7.0.8.Final
2026-02-04 18:07:03 INFO  org.hibernate.cfg.Environment - HHH000205: Loaded properties from resource hibernate.properties: {hibernate.connection.driver_class=org.h2.Driver, hibernate.hbm2ddl.auto=create, hibernate.dialect=org.hibernate.dialect.H2Dialect, hibernate.connection.password=****, hibernate.connection.username=sa, hibernate.connection.url=jdbc:h2:mem:./data/scoreboard_db;DB_CLOSE_DELAY=-1, hibernate.connection.pool_size=10, hibernate.current_session_context_class=thread}
2026-02-04 18:07:03 WARN  o.hibernate.orm.connections.pooling - HHH10001002: Using built-in connection pool (not intended for production use)
2026-02-04 18:07:03 WARN  org.hibernate.orm.deprecation - HHH90000025: H2Dialect does not need to be specified explicitly using 'hibernate.dialect' (remove the property setting and it will be selected by default)
2026-02-04 18:07:03 INFO  o.hibernate.orm.connections.pooling - HHH10001005: Database info:
	Database JDBC URL [jdbc:h2:mem:./data/scoreboard_db;DB_CLOSE_DELAY=-1]
	Database driver: org.h2.Driver
	Database version: 2.3.232
	Autocommit mode: false
	Isolation level: undefined/unknown
	Pool: DriverManagerConnectionProviderImpl
	Minimum pool size: 1
	Maximum pool size: 10
2026-02-04 18:07:04 DEBUG org.hibernate.SQL - drop table if exists Matches cascade 
2026-02-04 18:07:04 INFO  o.hibernate.orm.connections.access - HHH10001501: Connection obtained from JdbcConnectionAccess [org.hibernate.engine.jdbc.env.internal.JdbcEnvironmentInitiator$ConnectionProviderJdbcConnectionAccess@59933644] for (non-JTA) DDL execution was not in auto-commit mode; the Connection 'local transaction' will be committed and the Connection will be set into auto-commit mode.
2026-02-04 18:07:04 DEBUG org.hibernate.SQL - drop table if exists Players cascade 
2026-02-04 18:07:04 DEBUG org.hibernate.SQL - create table Matches (first_player bigint, id BIGINT generated by default as identity, second_player bigint, winner bigint, primary key (id))
2026-02-04 18:07:04 INFO  o.hibernate.orm.connections.access - HHH10001501: Connection obtained from JdbcConnectionAccess [org.hibernate.engine.jdbc.env.internal.JdbcEnvironmentInitiator$ConnectionProviderJdbcConnectionAccess@78545d40] for (non-JTA) DDL execution was not in auto-commit mode; the Connection 'local transaction' will be committed and the Connection will be set into auto-commit mode.
2026-02-04 18:07:04 DEBUG org.hibernate.SQL - create table Players (id bigint generated by default as identity, name VARCHAR not null unique, primary key (id))
2026-02-04 18:07:04 DEBUG org.hibernate.SQL - alter table if exists Matches add constraint FKn85v5k7x6k5ttvm386a04y703 foreign key (first_player) references Players
2026-02-04 18:07:04 DEBUG org.hibernate.SQL - alter table if exists Matches add constraint FKifkkjnajnfuje5l925oq6qqua foreign key (second_player) references Players
2026-02-04 18:07:04 DEBUG org.hibernate.SQL - alter table if exists Matches add constraint FKppea4u7g9w0udc45cclufj64u foreign key (winner) references Players
2026-02-04 18:07:04 DEBUG org.hibernate.SQL - select p1_0.id,p1_0.name from Players p1_0 where p1_0.name in (?,?)
2026-02-04 18:07:04 DEBUG org.hibernate.SQL - insert into Players (name,id) values (?,default)
2026-02-04 18:07:04 DEBUG org.hibernate.SQL - insert into Players (name,id) values (?,default)
2026-02-04 18:07:04 DEBUG org.hibernate.SQL - insert into Matches (first_player,second_player,winner,id) values (?,?,?,default)
2026-02-04 18:07:04 DEBUG org.hibernate.SQL - select p1_0.id,p1_0.name from Players p1_0 where p1_0.name in (?,?)
2026-02-04 18:07:04 DEBUG org.hibernate.SQL - insert into Players (name,id) values (?,default)
2026-02-04 18:07:04 DEBUG org.hibernate.SQL - insert into Matches (first_player,second_player,winner,id) values (?,?,?,default)
2026-02-04 18:07:04 DEBUG org.hibernate.SQL - DELETE FROM Matches
2026-02-04 18:07:04 DEBUG org.hibernate.SQL - DELETE FROM Players
2026-02-04 18:07:04 DEBUG org.hibernate.SQL - select p1_0.id,p1_0.name from Players p1_0 where p1_0.name in (?,?)
2026-02-04 18:07:04 DEBUG org.hibernate.SQL - insert into Players (name,id) values (?,default)
2026-02-04 18:07:04 DEBUG org.hibernate.SQL - insert into Players (name,id) values (?,default)
2026-02-04 18:07:04 DEBUG org.hibernate.SQL - insert into Matches (first_player,second_player,winner,id) values (?,?,?,default)
2026-02-04 18:07:04 DEBUG org.hibernate.SQL - DELETE FROM Matches
2026-02-04 18:07:04 DEBUG org.hibernate.SQL - DELETE FROM Players
2026-02-04 18:07:04 DEBUG org.hibernate.SQL - select p1_0.id,p1_0.name from Players p1_0 where p1_0.name in (?,?)
2026-02-04 18:07:04 DEBUG org.hibernate.SQL - insert into Players (name,id) values (?,default)
2026-02-04 18:07:04 DEBUG org.hibernate.SQL - insert into Players (name,id) values (?,default)
2026-02-04 18:07:04 DEBUG org.hibernate.SQL - insert into Matches (first_player,second_player,winner,id) values (?,?,?,default)
2026-02-04 18:07:04 DEBUG org.hibernate.SQL - select p1_0.id,p1_0.name from Players p1_0 where p1_0.name in (?,?)
2026-02-04 18:07:04 DEBUG org.hibernate.SQL - insert into Matches (first_player,second_player,winner,id) values (?,?,?,default)
2026-02-04 18:07:04 DEBUG org.hibernate.SQL - DELETE FROM Matches
2026-02-04 18:07:04 DEBUG org.hibernate.SQL - DELETE FROM Players
2026-02-04 18:14:45 INFO  org.hibernate.Version - HHH000412: Hibernate ORM core version 7.0.8.Final
2026-02-04 18:14:45 INFO  org.hibernate.cfg.Environment - HHH000205: Loaded properties from resource hibernate.properties: {hibernate.connection.driver_class=org.h2.Driver, hibernate.hbm2ddl.auto=create, hibernate.dialect=org.hibernate.dialect.H2Dialect, hibernate.connection.password=****, hibernate.connection.username=sa, hibernate.connection.url=jdbc:h2:mem:./data/scoreboard_db;DB_CLOSE_DELAY=-1, hibernate.connection.pool_size=10, hibernate.current_session_context_class=thread}
2026-02-04 18:14:45 WARN  o.hibernate.orm.connections.pooling - HHH10001002: Using built-in connection pool (not intended for production use)
2026-02-04 18:14:45 WARN  org.hibernate.orm.deprecation - HHH90000025: H2Dialect does not need to be specified explicitly using 'hibernate.dialect' (remove the property setting and it will be selected by default)
2026-02-04 18:14:45 INFO  o.hibernate.orm.connections.pooling - HHH10001005: Database info:
	Database JDBC URL [jdbc:h2:mem:./data/scoreboard_db;DB_CLOSE_DELAY=-1]
	Database driver: org.h2.Driver
	Database version: 2.3.232
	Autocommit mode: false
	Isolation level: undefined/unknown
	Pool: DriverManagerConnectionProviderImpl
	Minimum pool size: 1
	Maximum pool size: 10
2026-02-04 18:14:46 DEBUG org.hibernate.SQL - drop table if exists Matches cascade 
2026-02-04 18:14:46 INFO  o.hibernate.orm.connections.access - HHH10001501: Connection obtained from JdbcConnectionAccess [org.hibernate.engine.jdbc.env.internal.JdbcEnvironmentInitiator$ConnectionProviderJdbcConnectionAccess@59933644] for (non-JTA) DDL execution was not in auto-commit mode; the Connection 'local transaction' will be committed and the Connection will be set into auto-commit mode.
2026-02-04 18:14:46 DEBUG org.hibernate.SQL - drop table if exists Players cascade 
2026-02-04 18:14:46 DEBUG org.hibernate.SQL - create table Matches (first_player bigint, id BIGINT generated by default as identity, second_player bigint, winner bigint, primary key (id))
2026-02-04 18:14:46 INFO  o.hibernate.orm.connections.access - HHH10001501: Connection obtained from JdbcConnectionAccess [org.hibernate.engine.jdbc.env.internal.JdbcEnvironmentInitiator$ConnectionProviderJdbcConnectionAccess@78545d40] for (non-JTA) DDL execution was not in auto-commit mode; the Connection 'local transaction' will be committed and the Connection will be set into auto-commit mode.
2026-02-04 18:14:46 DEBUG org.hibernate.SQL - create table Players (id bigint generated by default as identity, name VARCHAR not null unique, primary key (id))
2026-02-04 18:14:46 DEBUG org.hibernate.SQL - alter table if exists Matches add constraint FKn85v5k7x6k5ttvm386a04y703 foreign key (first_player) references Players
2026-02-04 18:14:46 DEBUG org.hibernate.SQL - alter table if exists Matches add constraint FKifkkjnajnfuje5l925oq6qqua foreign key (second_player) references Players
2026-02-04 18:14:46 DEBUG org.hibernate.SQL - alter table if exists Matches add constraint FKppea4u7g9w0udc45cclufj64u foreign key (winner) references Players
2026-02-04 18:14:47 DEBUG org.hibernate.SQL - select p1_0.id,p1_0.name from Players p1_0 where p1_0.name in (?,?)
2026-02-04 18:14:47 DEBUG org.hibernate.SQL - insert into Players (name,id) values (?,default)
2026-02-04 18:14:47 DEBUG org.hibernate.SQL - insert into Players (name,id) values (?,default)
2026-02-04 18:14:47 DEBUG org.hibernate.SQL - insert into Matches (first_player,second_player,winner,id) values (?,?,?,default)
2026-02-04 18:14:47 DEBUG org.hibernate.SQL - select p1_0.id,p1_0.name from Players p1_0 where p1_0.name in (?,?)
2026-02-04 18:14:47 DEBUG org.hibernate.SQL - insert into Players (name,id) values (?,default)
2026-02-04 18:14:47 DEBUG org.hibernate.SQL - insert into Matches (first_player,second_player,winner,id) values (?,?,?,default)
2026-02-04 18:14:47 DEBUG org.hibernate.SQL - DELETE FROM Matches
2026-02-04 18:14:47 DEBUG org.hibernate.SQL - DELETE FROM Players
2026-02-04 18:14:47 DEBUG org.hibernate.SQL - select p1_0.id,p1_0.name from Players p1_0 where p1_0.name in (?,?)
2026-02-04 18:14:47 DEBUG org.hibernate.SQL - insert into Players (name,id) values (?,default)
2026-02-04 18:14:47 DEBUG org.hibernate.SQL - insert into Players (name,id) values (?,default)
2026-02-04 18:14:47 DEBUG org.hibernate.SQL - insert into Matches (first_player,second_player,winner,id) values (?,?,?,default)
2026-02-04 18:14:47 DEBUG org.hibernate.SQL - DELETE FROM Matches
2026-02-04 18:14:47 DEBUG org.hibernate.SQL - DELETE FROM Players
2026-02-04 18:14:47 DEBUG org.hibernate.SQL - select p1_0.id,p1_0.name from Players p1_0 where p1_0.name in (?,?)
2026-02-04 18:14:47 DEBUG org.hibernate.SQL - insert into Players (name,id) values (?,default)
2026-02-04 18:14:47 DEBUG org.hibernate.SQL - insert into Players (name,id) values (?,default)
2026-02-04 18:14:47 DEBUG org.hibernate.SQL - insert into Matches (first_player,second_player,winner,id) values (?,?,?,default)
2026-02-04 18:14:47 DEBUG org.hibernate.SQL - select p1_0.id,p1_0.name from Players p1_0 where p1_0.name in (?,?)
2026-02-04 18:14:47 DEBUG org.hibernate.SQL - insert into Matches (first_player,second_player,winner,id) values (?,?,?,default)
2026-02-04 18:14:47 DEBUG org.hibernate.SQL - DELETE FROM Matches
2026-02-04 18:14:47 DEBUG org.hibernate.SQL - DELETE FROM Players
2026-02-04 18:21:03 INFO  org.hibernate.Version - HHH000412: Hibernate ORM core version 7.0.8.Final
2026-02-04 18:21:03 INFO  org.hibernate.cfg.Environment - HHH000205: Loaded properties from resource hibernate.properties: {hibernate.connection.driver_class=org.h2.Driver, hibernate.hbm2ddl.auto=create, hibernate.dialect=org.hibernate.dialect.H2Dialect, hibernate.connection.password=****, hibernate.connection.username=sa, hibernate.connection.url=jdbc:h2:mem:./data/scoreboard_db;DB_CLOSE_DELAY=-1, hibernate.connection.pool_size=10, hibernate.current_session_context_class=thread}
2026-02-04 18:21:03 WARN  o.hibernate.orm.connections.pooling - HHH10001002: Using built-in connection pool (not intended for production use)
2026-02-04 18:21:03 WARN  org.hibernate.orm.deprecation - HHH90000025: H2Dialect does not need to be specified explicitly using 'hibernate.dialect' (remove the property setting and it will be selected by default)
2026-02-04 18:21:04 INFO  o.hibernate.orm.connections.pooling - HHH10001005: Database info:
	Database JDBC URL [jdbc:h2:mem:./data/scoreboard_db;DB_CLOSE_DELAY=-1]
	Database driver: org.h2.Driver
	Database version: 2.3.232
	Autocommit mode: false
	Isolation level: undefined/unknown
	Pool: DriverManagerConnectionProviderImpl
	Minimum pool size: 1
	Maximum pool size: 10
2026-02-04 18:21:04 DEBUG org.hibernate.SQL - drop table if exists Matches cascade 
2026-02-04 18:21:04 INFO  o.hibernate.orm.connections.access - HHH10001501: Connection obtained from JdbcConnectionAccess [org.hibernate.engine.jdbc.env.internal.JdbcEnvironmentInitiator$ConnectionProviderJdbcConnectionAccess@59933644] for (non-JTA) DDL execution was not in auto-commit mode; the Connection 'local transaction' will be committed and the Connection will be set into auto-commit mode.
2026-02-04 18:21:04 DEBUG org.hibernate.SQL - drop table if exists Players cascade 
2026-02-04 18:21:04 DEBUG org.hibernate.SQL - create table Matches (first_player bigint, id BIGINT generated by default as identity, second_player bigint, winner bigint, primary key (id))
2026-02-04 18:21:04 INFO  o.hibernate.orm.connections.access - HHH10001501: Connection obtained from JdbcConnectionAccess [org.hibernate.engine.jdbc.env.internal.JdbcEnvironmentInitiator$ConnectionProviderJdbcConnectionAccess@78545d40] for (non-JTA) DDL execution was not in auto-commit mode; the Connection 'local transaction' will be committed and the Connection will be set into auto-commit mode.
2026-02-04 18:21:04 DEBUG org.hibernate.SQL - create table Players (id bigint generated by default as identity, name VARCHAR not null unique, primary key (id))
2026-02-04 18:21:04 DEBUG org.hibernate.SQL - alter table if exists Matches add constraint FKn85v5k7x6k5ttvm386a04y703 foreign key (first_player) references Players
2026-02-04 18:21:04 DEBUG org.hibernate.SQL - alter table if exists Matches add constraint FKifkkjnajnfuje5l925oq6qqua foreign key (second_player) references Players
2026-02-04 18:21:04 DEBUG org.hibernate.SQL - alter table if exists Matches add constraint FKppea4u7g9w0udc45cclufj64u foreign key (winner) references Players
2026-02-04 18:21:05 DEBUG org.hibernate.SQL - select p1_0.id,p1_0.name from Players p1_0 where p1_0.name in (?,?)
2026-02-04 18:21:05 DEBUG org.hibernate.SQL - insert into Players (name,id) values (?,default)
2026-02-04 18:21:05 DEBUG org.hibernate.SQL - insert into Players (name,id) values (?,default)
2026-02-04 18:21:05 DEBUG org.hibernate.SQL - insert into Matches (first_player,second_player,winner,id) values (?,?,?,default)
2026-02-04 18:21:05 DEBUG org.hibernate.SQL - select p1_0.id,p1_0.name from Players p1_0 where p1_0.name in (?,?)
2026-02-04 18:21:05 DEBUG org.hibernate.SQL - insert into Players (name,id) values (?,default)
2026-02-04 18:21:05 DEBUG org.hibernate.SQL - insert into Matches (first_player,second_player,winner,id) values (?,?,?,default)
2026-02-04 18:21:05 DEBUG org.hibernate.SQL - DELETE FROM Matches
2026-02-04 18:21:05 DEBUG org.hibernate.SQL - DELETE FROM Players
2026-02-04 18:21:05 DEBUG org.hibernate.SQL - select p1_0.id,p1_0.name from Players p1_0 where p1_0.name in (?,?)
2026-02-04 18:21:05 DEBUG org.hibernate.SQL - insert into Players (name,id) values (?,default)
2026-02-04 18:21:05 DEBUG org.hibernate.SQL - insert into Players (name,id) values (?,default)
2026-02-04 18:21:05 DEBUG org.hibernate.SQL - insert into Matches (first_player,second_player,winner,id) values (?,?,?,default)
2026-02-04 18:21:05 DEBUG org.hibernate.SQL - DELETE FROM Matches
2026-02-04 18:21:05 DEBUG org.hibernate.SQL - DELETE FROM Players
2026-02-04 18:21:05 DEBUG org.hibernate.SQL - select p1_0.id,p1_0.name from Players p1_0 where p1_0.name in (?,?)
2026-02-04 18:21:05 DEBUG org.hibernate.SQL - insert into Players (name,id) values (?,default)
2026-02-04 18:21:05 DEBUG org.hibernate.SQL - insert into Players (name,id) values (?,default)
2026-02-04 18:21:05 DEBUG org.hibernate.SQL - insert into Matches (first_player,second_player,winner,id) values (?,?,?,default)
2026-02-04 18:21:05 DEBUG org.hibernate.SQL - select p1_0.id,p1_0.name from Players p1_0 where p1_0.name in (?,?)
2026-02-04 18:21:05 DEBUG org.hibernate.SQL - insert into Matches (first_player,second_player,winner,id) values (?,?,?,default)
2026-02-04 18:21:05 DEBUG org.hibernate.SQL - DELETE FROM Matches
2026-02-04 18:21:05 DEBUG org.hibernate.SQL - DELETE FROM Players
2026-02-05 15:15:16 INFO  org.hibernate.Version - HHH000412: Hibernate ORM core version 7.0.8.Final
2026-02-05 15:15:16 INFO  org.hibernate.cfg.Environment - HHH000205: Loaded properties from resource hibernate.properties: {hibernate.connection.driver_class=org.h2.Driver, hibernate.hbm2ddl.auto=create, hibernate.dialect=org.hibernate.dialect.H2Dialect, hibernate.connection.password=****, hibernate.connection.username=sa, hibernate.connection.url=jdbc:h2:mem:./data/scoreboard_db;DB_CLOSE_DELAY=-1, hibernate.connection.pool_size=10, hibernate.current_session_context_class=thread}
2026-02-05 15:15:16 WARN  o.hibernate.orm.connections.pooling - HHH10001002: Using built-in connection pool (not intended for production use)
2026-02-05 15:15:16 WARN  org.hibernate.orm.deprecation - HHH90000025: H2Dialect does not need to be specified explicitly using 'hibernate.dialect' (remove the property setting and it will be selected by default)
2026-02-05 15:15:16 INFO  o.hibernate.orm.connections.pooling - HHH10001005: Database info:
	Database JDBC URL [jdbc:h2:mem:./data/scoreboard_db;DB_CLOSE_DELAY=-1]
	Database driver: org.h2.Driver
	Database version: 2.3.232
	Autocommit mode: false
	Isolation level: undefined/unknown
	Pool: DriverManagerConnectionProviderImpl
	Minimum pool size: 1
	Maximum pool size: 10
2026-02-05 15:15:17 DEBUG org.hibernate.SQL - drop table if exists Matches cascade 
2026-02-05 15:15:17 INFO  o.hibernate.orm.connections.access - HHH10001501: Connection obtained from JdbcConnectionAccess [org.hibernate.engine.jdbc.env.internal.JdbcEnvironmentInitiator$ConnectionProviderJdbcConnectionAccess@2b936b04] for (non-JTA) DDL execution was not in auto-commit mode; the Connection 'local transaction' will be committed and the Connection will be set into auto-commit mode.
2026-02-05 15:15:17 DEBUG org.hibernate.SQL - drop table if exists Players cascade 
2026-02-05 15:15:17 DEBUG org.hibernate.SQL - create table Matches (first_player bigint, id BIGINT generated by default as identity, second_player bigint, winner bigint, primary key (id))
2026-02-05 15:15:17 INFO  o.hibernate.orm.connections.access - HHH10001501: Connection obtained from JdbcConnectionAccess [org.hibernate.engine.jdbc.env.internal.JdbcEnvironmentInitiator$ConnectionProviderJdbcConnectionAccess@2e1add6f] for (non-JTA) DDL execution was not in auto-commit mode; the Connection 'local transaction' will be committed and the Connection will be set into auto-commit mode.
2026-02-05 15:15:17 DEBUG org.hibernate.SQL - create table Players (id bigint generated by default as identity, name VARCHAR not null unique, primary key (id))
2026-02-05 15:15:17 DEBUG org.hibernate.SQL - alter table if exists Matches add constraint FKn85v5k7x6k5ttvm386a04y703 foreign key (first_player) references Players
2026-02-05 15:15:17 DEBUG org.hibernate.SQL - alter table if exists Matches add constraint FKifkkjnajnfuje5l925oq6qqua foreign key (second_player) references Players
2026-02-05 15:15:17 DEBUG org.hibernate.SQL - alter table if exists Matches add constraint FKppea4u7g9w0udc45cclufj64u foreign key (winner) references Players
2026-02-05 15:15:18 DEBUG org.hibernate.SQL - select p1_0.id,p1_0.name from Players p1_0 where p1_0.name in (?,?)
2026-02-05 15:15:18 DEBUG org.hibernate.SQL - insert into Players (name,id) values (?,default)
2026-02-05 15:15:18 DEBUG org.hibernate.SQL - insert into Players (name,id) values (?,default)
2026-02-05 15:15:18 DEBUG org.hibernate.SQL - insert into Matches (first_player,second_player,winner,id) values (?,?,?,default)
2026-02-05 15:15:18 DEBUG org.hibernate.SQL - select p1_0.id,p1_0.name from Players p1_0 where p1_0.name in (?,?)
2026-02-05 15:15:18 DEBUG org.hibernate.SQL - insert into Players (name,id) values (?,default)
2026-02-05 15:15:18 DEBUG org.hibernate.SQL - insert into Matches (first_player,second_player,winner,id) values (?,?,?,default)
2026-02-05 15:15:18 DEBUG org.hibernate.SQL - DELETE FROM Matches
2026-02-05 15:15:18 DEBUG org.hibernate.SQL - DELETE FROM Players
2026-02-05 15:15:18 DEBUG org.hibernate.SQL - select p1_0.id,p1_0.name from Players p1_0 where p1_0.name in (?,?)
2026-02-05 15:15:18 DEBUG org.hibernate.SQL - insert into Players (name,id) values (?,default)
2026-02-05 15:15:18 DEBUG org.hibernate.SQL - insert into Players (name,id) values (?,default)
2026-02-05 15:15:18 DEBUG org.hibernate.SQL - insert into Matches (first_player,second_player,winner,id) values (?,?,?,default)
2026-02-05 15:15:18 DEBUG org.hibernate.SQL - DELETE FROM Matches
2026-02-05 15:15:18 DEBUG org.hibernate.SQL - DELETE FROM Players
2026-02-05 15:15:18 DEBUG org.hibernate.SQL - select p1_0.id,p1_0.name from Players p1_0 where p1_0.name in (?,?)
2026-02-05 15:15:18 DEBUG org.hibernate.SQL - insert into Players (name,id) values (?,default)
2026-02-05 15:15:18 DEBUG org.hibernate.SQL - insert into Players (name,id) values (?,default)
2026-02-05 15:15:18 DEBUG org.hibernate.SQL - insert into Matches (first_player,second_player,winner,id) values (?,?,?,default)
2026-02-05 15:15:18 DEBUG org.hibernate.SQL - select p1_0.id,p1_0.name from Players p1_0 where p1_0.name in (?,?)
2026-02-05 15:15:18 DEBUG org.hibernate.SQL - insert into Matches (first_player,second_player,winner,id) values (?,?,?,default)
2026-02-05 15:15:18 DEBUG org.hibernate.SQL - DELETE FROM Matches
2026-02-05 15:15:18 DEBUG org.hibernate.SQL - DELETE FROM Players
2026-02-05 15:23:59 INFO  org.hibernate.Version - HHH000412: Hibernate ORM core version 7.0.8.Final
2026-02-05 15:23:59 INFO  org.hibernate.cfg.Environment - HHH000205: Loaded properties from resource hibernate.properties: {hibernate.connection.driver_class=org.h2.Driver, hibernate.hbm2ddl.auto=create, hibernate.dialect=org.hibernate.dialect.H2Dialect, hibernate.connection.password=****, hibernate.connection.username=sa, hibernate.connection.url=jdbc:h2:mem:./data/scoreboard_db;DB_CLOSE_DELAY=-1, hibernate.connection.pool_size=10, hibernate.current_session_context_class=thread}
2026-02-05 15:24:00 WARN  o.hibernate.orm.connections.pooling - HHH10001002: Using built-in connection pool (not intended for production use)
2026-02-05 15:24:00 WARN  org.hibernate.orm.deprecation - HHH90000025: H2Dialect does not need to be specified explicitly using 'hibernate.dialect' (remove the property setting and it will be selected by default)
2026-02-05 15:24:00 INFO  o.hibernate.orm.connections.pooling - HHH10001005: Database info:
	Database JDBC URL [jdbc:h2:mem:./data/scoreboard_db;DB_CLOSE_DELAY=-1]
	Database driver: org.h2.Driver
	Database version: 2.3.232
	Autocommit mode: false
	Isolation level: undefined/unknown
	Pool: DriverManagerConnectionProviderImpl
	Minimum pool size: 1
	Maximum pool size: 10
2026-02-05 15:24:01 DEBUG org.hibernate.SQL - drop table if exists Matches cascade 
2026-02-05 15:24:01 INFO  o.hibernate.orm.connections.access - HHH10001501: Connection obtained from JdbcConnectionAccess [org.hibernate.engine.jdbc.env.internal.JdbcEnvironmentInitiator$ConnectionProviderJdbcConnectionAccess@32b112a1] for (non-JTA) DDL execution was not in auto-commit mode; the Connection 'local transaction' will be committed and the Connection will be set into auto-commit mode.
2026-02-05 15:24:01 DEBUG org.hibernate.SQL - drop table if exists Players cascade 
2026-02-05 15:24:01 DEBUG org.hibernate.SQL - create table Matches (first_player bigint, id BIGINT generated by default as identity, second_player bigint, winner bigint, primary key (id))
2026-02-05 15:24:01 INFO  o.hibernate.orm.connections.access - HHH10001501: Connection obtained from JdbcConnectionAccess [org.hibernate.engine.jdbc.env.internal.JdbcEnvironmentInitiator$ConnectionProviderJdbcConnectionAccess@467af68c] for (non-JTA) DDL execution was not in auto-commit mode; the Connection 'local transaction' will be committed and the Connection will be set into auto-commit mode.
2026-02-05 15:24:01 DEBUG org.hibernate.SQL - create table Players (id bigint generated by default as identity, name VARCHAR not null unique, primary key (id))
2026-02-05 15:24:01 DEBUG org.hibernate.SQL - alter table if exists Matches add constraint FKn85v5k7x6k5ttvm386a04y703 foreign key (first_player) references Players
2026-02-05 15:24:01 DEBUG org.hibernate.SQL - alter table if exists Matches add constraint FKifkkjnajnfuje5l925oq6qqua foreign key (second_player) references Players
2026-02-05 15:24:01 DEBUG org.hibernate.SQL - alter table if exists Matches add constraint FKppea4u7g9w0udc45cclufj64u foreign key (winner) references Players
2026-02-05 15:24:01 DEBUG org.hibernate.SQL - select p1_0.id,p1_0.name from Players p1_0 where p1_0.name in (?,?)
2026-02-05 15:24:01 DEBUG org.hibernate.SQL - insert into Players (name,id) values (?,default)
2026-02-05 15:24:01 DEBUG org.hibernate.SQL - insert into Players (name,id) values (?,default)
2026-02-05 15:24:01 DEBUG org.hibernate.SQL - insert into Matches (first_player,second_player,winner,id) values (?,?,?,default)
2026-02-05 15:24:01 DEBUG org.hibernate.SQL - select p1_0.id,p1_0.name from Players p1_0 where p1_0.name in (?,?)
2026-02-05 15:24:01 DEBUG org.hibernate.SQL - insert into Players (name,id) values (?,default)
2026-02-05 15:24:01 DEBUG org.hibernate.SQL - insert into Matches (first_player,second_player,winner,id) values (?,?,?,default)
2026-02-05 15:24:01 DEBUG org.hibernate.SQL - DELETE FROM Matches
2026-02-05 15:24:01 DEBUG org.hibernate.SQL - DELETE FROM Players
2026-02-05 15:24:01 DEBUG org.hibernate.SQL - select p1_0.id,p1_0.name from Players p1_0 where p1_0.name in (?,?)
2026-02-05 15:24:01 DEBUG org.hibernate.SQL - insert into Players (name,id) values (?,default)
2026-02-05 15:24:01 DEBUG org.hibernate.SQL - insert into Players (name,id) values (?,default)
2026-02-05 15:24:01 DEBUG org.hibernate.SQL - insert into Matches (first_player,second_player,winner,id) values (?,?,?,default)
2026-02-05 15:24:01 DEBUG org.hibernate.SQL - DELETE FROM Matches
2026-02-05 15:24:01 DEBUG org.hibernate.SQL - DELETE FROM Players
2026-02-05 15:24:01 DEBUG org.hibernate.SQL - select p1_0.id,p1_0.name from Players p1_0 where p1_0.name in (?,?)
2026-02-05 15:24:01 DEBUG org.hibernate.SQL - insert into Players (name,id) values (?,default)
2026-02-05 15:24:01 DEBUG org.hibernate.SQL - insert into Players (name,id) values (?,default)
2026-02-05 15:24:01 DEBUG org.hibernate.SQL - insert into Matches (first_player,second_player,winner,id) values (?,?,?,default)
2026-02-05 15:24:01 DEBUG org.hibernate.SQL - select p1_0.id,p1_0.name from Players p1_0 where p1_0.name in (?,?)
2026-02-05 15:24:01 DEBUG org.hibernate.SQL - insert into Matches (first_player,second_player,winner,id) values (?,?,?,default)
2026-02-05 15:24:01 DEBUG org.hibernate.SQL - DELETE FROM Matches
2026-02-05 15:24:01 DEBUG org.hibernate.SQL - DELETE FROM Players
2026-02-05 15:25:08 INFO  org.hibernate.Version - HHH000412: Hibernate ORM core version 7.0.8.Final
2026-02-05 15:25:08 INFO  org.hibernate.cfg.Environment - HHH000205: Loaded properties from resource hibernate.properties: {hibernate.connection.driver_class=org.h2.Driver, hibernate.hbm2ddl.auto=create, hibernate.dialect=org.hibernate.dialect.H2Dialect, hibernate.connection.password=****, hibernate.connection.username=sa, hibernate.connection.url=jdbc:h2:mem:./data/scoreboard_db;DB_CLOSE_DELAY=-1, hibernate.connection.pool_size=10, hibernate.current_session_context_class=thread}
2026-02-05 15:25:08 WARN  o.hibernate.orm.connections.pooling - HHH10001002: Using built-in connection pool (not intended for production use)
2026-02-05 15:25:08 WARN  org.hibernate.orm.deprecation - HHH90000025: H2Dialect does not need to be specified explicitly using 'hibernate.dialect' (remove the property setting and it will be selected by default)
2026-02-05 15:25:08 INFO  o.hibernate.orm.connections.pooling - HHH10001005: Database info:
	Database JDBC URL [jdbc:h2:mem:./data/scoreboard_db;DB_CLOSE_DELAY=-1]
	Database driver: org.h2.Driver
	Database version: 2.3.232
	Autocommit mode: false
	Isolation level: undefined/unknown
	Pool: DriverManagerConnectionProviderImpl
	Minimum pool size: 1
	Maximum pool size: 10
2026-02-05 15:25:09 DEBUG org.hibernate.SQL - drop table if exists Matches cascade 
2026-02-05 15:25:09 INFO  o.hibernate.orm.connections.access - HHH10001501: Connection obtained from JdbcConnectionAccess [org.hibernate.engine.jdbc.env.internal.JdbcEnvironmentInitiator$ConnectionProviderJdbcConnectionAccess@2b936b04] for (non-JTA) DDL execution was not in auto-commit mode; the Connection 'local transaction' will be committed and the Connection will be set into auto-commit mode.
2026-02-05 15:25:09 DEBUG org.hibernate.SQL - drop table if exists Players cascade 
2026-02-05 15:25:09 DEBUG org.hibernate.SQL - create table Matches (first_player bigint, id BIGINT generated by default as identity, second_player bigint, winner bigint, primary key (id))
2026-02-05 15:25:09 INFO  o.hibernate.orm.connections.access - HHH10001501: Connection obtained from JdbcConnectionAccess [org.hibernate.engine.jdbc.env.internal.JdbcEnvironmentInitiator$ConnectionProviderJdbcConnectionAccess@2e1add6f] for (non-JTA) DDL execution was not in auto-commit mode; the Connection 'local transaction' will be committed and the Connection will be set into auto-commit mode.
2026-02-05 15:25:09 DEBUG org.hibernate.SQL - create table Players (id bigint generated by default as identity, name VARCHAR not null unique, primary key (id))
2026-02-05 15:25:09 DEBUG org.hibernate.SQL - alter table if exists Matches add constraint FKn85v5k7x6k5ttvm386a04y703 foreign key (first_player) references Players
2026-02-05 15:25:09 DEBUG org.hibernate.SQL - alter table if exists Matches add constraint FKifkkjnajnfuje5l925oq6qqua foreign key (second_player) references Players
2026-02-05 15:25:09 DEBUG org.hibernate.SQL - alter table if exists Matches add constraint FKppea4u7g9w0udc45cclufj64u foreign key (winner) references Players
2026-02-05 15:25:09 DEBUG org.hibernate.SQL - select p1_0.id,p1_0.name from Players p1_0 where p1_0.name in (?,?)
2026-02-05 15:25:09 DEBUG org.hibernate.SQL - insert into Players (name,id) values (?,default)
2026-02-05 15:25:09 DEBUG org.hibernate.SQL - insert into Players (name,id) values (?,default)
2026-02-05 15:25:09 DEBUG org.hibernate.SQL - insert into Matches (first_player,second_player,winner,id) values (?,?,?,default)
2026-02-05 15:25:09 DEBUG org.hibernate.SQL - select p1_0.id,p1_0.name from Players p1_0 where p1_0.name in (?,?)
2026-02-05 15:25:09 DEBUG org.hibernate.SQL - insert into Players (name,id) values (?,default)
2026-02-05 15:25:09 DEBUG org.hibernate.SQL - insert into Matches (first_player,second_player,winner,id) values (?,?,?,default)
2026-02-05 15:25:09 DEBUG org.hibernate.SQL - DELETE FROM Matches
2026-02-05 15:25:09 DEBUG org.hibernate.SQL - DELETE FROM Players
2026-02-05 15:25:09 DEBUG org.hibernate.SQL - select p1_0.id,p1_0.name from Players p1_0 where p1_0.name in (?,?)
2026-02-05 15:25:09 DEBUG org.hibernate.SQL - insert into Players (name,id) values (?,default)
2026-02-05 15:25:09 DEBUG org.hibernate.SQL - insert into Players (name,id) values (?,default)
2026-02-05 15:25:09 DEBUG org.hibernate.SQL - insert into Matches (first_player,second_player,winner,id) values (?,?,?,default)
2026-02-05 15:25:09 DEBUG org.hibernate.SQL - DELETE FROM Matches
2026-02-05 15:25:09 DEBUG org.hibernate.SQL - DELETE FROM Players
2026-02-05 15:25:09 DEBUG org.hibernate.SQL - select p1_0.id,p1_0.name from Players p1_0 where p1_0.name in (?,?)
2026-02-05 15:25:09 DEBUG org.hibernate.SQL - insert into Players (name,id) values (?,default)
2026-02-05 15:25:09 DEBUG org.hibernate.SQL - insert into Players (name,id) values (?,default)
2026-02-05 15:25:09 DEBUG org.hibernate.SQL - insert into Matches (first_player,second_player,winner,id) values (?,?,?,default)
2026-02-05 15:25:09 DEBUG org.hibernate.SQL - select p1_0.id,p1_0.name from Players p1_0 where p1_0.name in (?,?)
2026-02-05 15:25:09 DEBUG org.hibernate.SQL - insert into Matches (first_player,second_player,winner,id) values (?,?,?,default)
2026-02-05 15:25:09 DEBUG org.hibernate.SQL - DELETE FROM Matches
2026-02-05 15:25:09 DEBUG org.hibernate.SQL - DELETE FROM Players
2026-02-05 15:42:01 INFO  org.hibernate.Version - HHH000412: Hibernate ORM core version 7.0.8.Final
2026-02-05 15:42:01 INFO  org.hibernate.cfg.Environment - HHH000205: Loaded properties from resource hibernate.properties: {hibernate.connection.driver_class=org.h2.Driver, hibernate.hbm2ddl.auto=create, hibernate.dialect=org.hibernate.dialect.H2Dialect, hibernate.connection.password=****, hibernate.connection.username=sa, hibernate.connection.url=jdbc:h2:mem:./data/scoreboard_db;DB_CLOSE_DELAY=-1, hibernate.connection.pool_size=10, hibernate.current_session_context_class=thread}
2026-02-05 15:42:01 WARN  o.hibernate.orm.connections.pooling - HHH10001002: Using built-in connection pool (not intended for production use)
2026-02-05 15:42:01 WARN  org.hibernate.orm.deprecation - HHH90000025: H2Dialect does not need to be specified explicitly using 'hibernate.dialect' (remove the property setting and it will be selected by default)
2026-02-05 15:42:01 INFO  o.hibernate.orm.connections.pooling - HHH10001005: Database info:
	Database JDBC URL [jdbc:h2:mem:./data/scoreboard_db;DB_CLOSE_DELAY=-1]
	Database driver: org.h2.Driver
	Database version: 2.3.232
	Autocommit mode: false
	Isolation level: undefined/unknown
	Pool: DriverManagerConnectionProviderImpl
	Minimum pool size: 1
	Maximum pool size: 10
2026-02-05 15:42:02 DEBUG org.hibernate.SQL - drop table if exists Matches cascade 
2026-02-05 15:42:02 INFO  o.hibernate.orm.connections.access - HHH10001501: Connection obtained from JdbcConnectionAccess [org.hibernate.engine.jdbc.env.internal.JdbcEnvironmentInitiator$ConnectionProviderJdbcConnectionAccess@2b936b04] for (non-JTA) DDL execution was not in auto-commit mode; the Connection 'local transaction' will be committed and the Connection will be set into auto-commit mode.
2026-02-05 15:42:02 DEBUG org.hibernate.SQL - drop table if exists Players cascade 
2026-02-05 15:42:02 DEBUG org.hibernate.SQL - create table Matches (first_player bigint, id BIGINT generated by default as identity, second_player bigint, winner bigint, primary key (id))
2026-02-05 15:42:02 INFO  o.hibernate.orm.connections.access - HHH10001501: Connection obtained from JdbcConnectionAccess [org.hibernate.engine.jdbc.env.internal.JdbcEnvironmentInitiator$ConnectionProviderJdbcConnectionAccess@2e1add6f] for (non-JTA) DDL execution was not in auto-commit mode; the Connection 'local transaction' will be committed and the Connection will be set into auto-commit mode.
2026-02-05 15:42:02 DEBUG org.hibernate.SQL - create table Players (id bigint generated by default as identity, name VARCHAR not null unique, primary key (id))
2026-02-05 15:42:02 DEBUG org.hibernate.SQL - alter table if exists Matches add constraint FKn85v5k7x6k5ttvm386a04y703 foreign key (first_player) references Players
2026-02-05 15:42:02 DEBUG org.hibernate.SQL - alter table if exists Matches add constraint FKifkkjnajnfuje5l925oq6qqua foreign key (second_player) references Players
2026-02-05 15:42:02 DEBUG org.hibernate.SQL - alter table if exists Matches add constraint FKppea4u7g9w0udc45cclufj64u foreign key (winner) references Players
2026-02-05 15:42:03 DEBUG org.hibernate.SQL - select p1_0.id,p1_0.name from Players p1_0 where p1_0.name in (?,?)
2026-02-05 15:42:03 DEBUG org.hibernate.SQL - insert into Players (name,id) values (?,default)
2026-02-05 15:42:03 DEBUG org.hibernate.SQL - insert into Players (name,id) values (?,default)
2026-02-05 15:42:03 DEBUG org.hibernate.SQL - insert into Matches (first_player,second_player,winner,id) values (?,?,?,default)
2026-02-05 15:42:03 DEBUG org.hibernate.SQL - select p1_0.id,p1_0.name from Players p1_0 where p1_0.name in (?,?)
2026-02-05 15:42:03 DEBUG org.hibernate.SQL - insert into Players (name,id) values (?,default)
2026-02-05 15:42:03 DEBUG org.hibernate.SQL - insert into Matches (first_player,second_player,winner,id) values (?,?,?,default)
2026-02-05 15:42:03 DEBUG org.hibernate.SQL - DELETE FROM Matches
2026-02-05 15:42:03 DEBUG org.hibernate.SQL - DELETE FROM Players
2026-02-05 15:42:03 DEBUG org.hibernate.SQL - select p1_0.id,p1_0.name from Players p1_0 where p1_0.name in (?,?)
2026-02-05 15:42:03 DEBUG org.hibernate.SQL - insert into Players (name,id) values (?,default)
2026-02-05 15:42:03 DEBUG org.hibernate.SQL - insert into Players (name,id) values (?,default)
2026-02-05 15:42:03 DEBUG org.hibernate.SQL - insert into Matches (first_player,second_player,winner,id) values (?,?,?,default)
2026-02-05 15:42:03 DEBUG org.hibernate.SQL - DELETE FROM Matches
2026-02-05 15:42:03 DEBUG org.hibernate.SQL - DELETE FROM Players
2026-02-05 15:42:03 DEBUG org.hibernate.SQL - select p1_0.id,p1_0.name from Players p1_0 where p1_0.name in (?,?)
2026-02-05 15:42:03 DEBUG org.hibernate.SQL - insert into Players (name,id) values (?,default)
2026-02-05 15:42:03 DEBUG org.hibernate.SQL - insert into Players (name,id) values (?,default)
2026-02-05 15:42:03 DEBUG org.hibernate.SQL - insert into Matches (first_player,second_player,winner,id) values (?,?,?,default)
2026-02-05 15:42:03 DEBUG org.hibernate.SQL - select p1_0.id,p1_0.name from Players p1_0 where p1_0.name in (?,?)
2026-02-05 15:42:03 DEBUG org.hibernate.SQL - insert into Matches (first_player,second_player,winner,id) values (?,?,?,default)
2026-02-05 15:42:03 DEBUG org.hibernate.SQL - DELETE FROM Matches
2026-02-05 15:42:03 DEBUG org.hibernate.SQL - DELETE FROM Players
2026-02-05 15:45:06 INFO  org.hibernate.Version - HHH000412: Hibernate ORM core version 7.0.8.Final
2026-02-05 15:45:06 INFO  org.hibernate.cfg.Environment - HHH000205: Loaded properties from resource hibernate.properties: {hibernate.connection.driver_class=org.h2.Driver, hibernate.hbm2ddl.auto=create, hibernate.dialect=org.hibernate.dialect.H2Dialect, hibernate.connection.password=****, hibernate.connection.username=sa, hibernate.connection.url=jdbc:h2:mem:./data/scoreboard_db;DB_CLOSE_DELAY=-1, hibernate.connection.pool_size=10, hibernate.current_session_context_class=thread}
2026-02-05 15:45:06 WARN  o.hibernate.orm.connections.pooling - HHH10001002: Using built-in connection pool (not intended for production use)
2026-02-05 15:45:06 WARN  org.hibernate.orm.deprecation - HHH90000025: H2Dialect does not need to be specified explicitly using 'hibernate.dialect' (remove the property setting and it will be selected by default)
2026-02-05 15:45:06 INFO  o.hibernate.orm.connections.pooling - HHH10001005: Database info:
	Database JDBC URL [jdbc:h2:mem:./data/scoreboard_db;DB_CLOSE_DELAY=-1]
	Database driver: org.h2.Driver
	Database version: 2.3.232
	Autocommit mode: false
	Isolation level: undefined/unknown
	Pool: DriverManagerConnectionProviderImpl
	Minimum pool size: 1
	Maximum pool size: 10
2026-02-05 15:45:07 DEBUG org.hibernate.SQL - drop table if exists Matches cascade 
2026-02-05 15:45:07 INFO  o.hibernate.orm.connections.access - HHH10001501: Connection obtained from JdbcConnectionAccess [org.hibernate.engine.jdbc.env.internal.JdbcEnvironmentInitiator$ConnectionProviderJdbcConnectionAccess@2b936b04] for (non-JTA) DDL execution was not in auto-commit mode; the Connection 'local transaction' will be committed and the Connection will be set into auto-commit mode.
2026-02-05 15:45:07 DEBUG org.hibernate.SQL - drop table if exists Players cascade 
2026-02-05 15:45:07 DEBUG org.hibernate.SQL - create table Matches (first_player bigint, id BIGINT generated by default as identity, second_player bigint, winner bigint, primary key (id))
2026-02-05 15:45:07 INFO  o.hibernate.orm.connections.access - HHH10001501: Connection obtained from JdbcConnectionAccess [org.hibernate.engine.jdbc.env.internal.JdbcEnvironmentInitiator$ConnectionProviderJdbcConnectionAccess@2e1add6f] for (non-JTA) DDL execution was not in auto-commit mode; the Connection 'local transaction' will be committed and the Connection will be set into auto-commit mode.
2026-02-05 15:45:07 DEBUG org.hibernate.SQL - create table Players (id bigint generated by default as identity, name VARCHAR not null unique, primary key (id))
2026-02-05 15:45:07 DEBUG org.hibernate.SQL - alter table if exists Matches add constraint FKn85v5k7x6k5ttvm386a04y703 foreign key (first_player) references Players
2026-02-05 15:45:07 DEBUG org.hibernate.SQL - alter table if exists Matches add constraint FKifkkjnajnfuje5l925oq6qqua foreign key (second_player) references Players
2026-02-05 15:45:07 DEBUG org.hibernate.SQL - alter table if exists Matches add constraint FKppea4u7g9w0udc45cclufj64u foreign key (winner) references Players
2026-02-05 15:45:07 DEBUG org.hibernate.SQL - select p1_0.id,p1_0.name from Players p1_0 where p1_0.name in (?,?)
2026-02-05 15:45:07 DEBUG org.hibernate.SQL - insert into Players (name,id) values (?,default)
2026-02-05 15:45:07 DEBUG org.hibernate.SQL - insert into Players (name,id) values (?,default)
2026-02-05 15:45:07 DEBUG org.hibernate.SQL - insert into Matches (first_player,second_player,winner,id) values (?,?,?,default)
2026-02-05 15:45:07 DEBUG org.hibernate.SQL - select p1_0.id,p1_0.name from Players p1_0 where p1_0.name in (?,?)
2026-02-05 15:45:07 DEBUG org.hibernate.SQL - insert into Players (name,id) values (?,default)
2026-02-05 15:45:07 DEBUG org.hibernate.SQL - insert into Matches (first_player,second_player,winner,id) values (?,?,?,default)
2026-02-05 15:45:07 DEBUG org.hibernate.SQL - DELETE FROM Matches
2026-02-05 15:45:08 DEBUG org.hibernate.SQL - DELETE FROM Players
2026-02-05 15:45:08 DEBUG org.hibernate.SQL - select p1_0.id,p1_0.name from Players p1_0 where p1_0.name in (?,?)
2026-02-05 15:45:08 DEBUG org.hibernate.SQL - insert into Players (name,id) values (?,default)
2026-02-05 15:45:08 DEBUG org.hibernate.SQL - insert into Players (name,id) values (?,default)
2026-02-05 15:45:08 DEBUG org.hibernate.SQL - insert into Matches (first_player,second_player,winner,id) values (?,?,?,default)
2026-02-05 15:45:08 DEBUG org.hibernate.SQL - DELETE FROM Matches
2026-02-05 15:45:08 DEBUG org.hibernate.SQL - DELETE FROM Players
2026-02-05 15:45:08 DEBUG org.hibernate.SQL - select p1_0.id,p1_0.name from Players p1_0 where p1_0.name in (?,?)
2026-02-05 15:45:08 DEBUG org.hibernate.SQL - insert into Players (name,id) values (?,default)
2026-02-05 15:45:08 DEBUG org.hibernate.SQL - insert into Players (name,id) values (?,default)
2026-02-05 15:45:08 DEBUG org.hibernate.SQL - insert into Matches (first_player,second_player,winner,id) values (?,?,?,default)
2026-02-05 15:45:08 DEBUG org.hibernate.SQL - select p1_0.id,p1_0.name from Players p1_0 where p1_0.name in (?,?)
2026-02-05 15:45:08 DEBUG org.hibernate.SQL - insert into Matches (first_player,second_player,winner,id) values (?,?,?,default)
2026-02-05 15:45:08 DEBUG org.hibernate.SQL - DELETE FROM Matches
2026-02-05 15:45:08 DEBUG org.hibernate.SQL - DELETE FROM Players
2026-02-05 15:46:17 INFO  org.hibernate.Version - HHH000412: Hibernate ORM core version 7.0.8.Final
2026-02-05 15:46:17 INFO  org.hibernate.cfg.Environment - HHH000205: Loaded properties from resource hibernate.properties: {hibernate.connection.driver_class=org.h2.Driver, hibernate.hbm2ddl.auto=create, hibernate.dialect=org.hibernate.dialect.H2Dialect, hibernate.connection.password=****, hibernate.connection.username=sa, hibernate.connection.url=jdbc:h2:mem:./data/scoreboard_db;DB_CLOSE_DELAY=-1, hibernate.connection.pool_size=10, hibernate.current_session_context_class=thread}
2026-02-05 15:46:17 WARN  o.hibernate.orm.connections.pooling - HHH10001002: Using built-in connection pool (not intended for production use)
2026-02-05 15:46:17 WARN  org.hibernate.orm.deprecation - HHH90000025: H2Dialect does not need to be specified explicitly using 'hibernate.dialect' (remove the property setting and it will be selected by default)
2026-02-05 15:46:17 INFO  o.hibernate.orm.connections.pooling - HHH10001005: Database info:
	Database JDBC URL [jdbc:h2:mem:./data/scoreboard_db;DB_CLOSE_DELAY=-1]
	Database driver: org.h2.Driver
	Database version: 2.3.232
	Autocommit mode: false
	Isolation level: undefined/unknown
	Pool: DriverManagerConnectionProviderImpl
	Minimum pool size: 1
	Maximum pool size: 10
2026-02-05 15:46:18 DEBUG org.hibernate.SQL - drop table if exists Matches cascade 
2026-02-05 15:46:18 INFO  o.hibernate.orm.connections.access - HHH10001501: Connection obtained from JdbcConnectionAccess [org.hibernate.engine.jdbc.env.internal.JdbcEnvironmentInitiator$ConnectionProviderJdbcConnectionAccess@32b112a1] for (non-JTA) DDL execution was not in auto-commit mode; the Connection 'local transaction' will be committed and the Connection will be set into auto-commit mode.
2026-02-05 15:46:18 DEBUG org.hibernate.SQL - drop table if exists Players cascade 
2026-02-05 15:46:18 DEBUG org.hibernate.SQL - create table Matches (first_player bigint, id BIGINT generated by default as identity, second_player bigint, winner bigint, primary key (id))
2026-02-05 15:46:18 INFO  o.hibernate.orm.connections.access - HHH10001501: Connection obtained from JdbcConnectionAccess [org.hibernate.engine.jdbc.env.internal.JdbcEnvironmentInitiator$ConnectionProviderJdbcConnectionAccess@467af68c] for (non-JTA) DDL execution was not in auto-commit mode; the Connection 'local transaction' will be committed and the Connection will be set into auto-commit mode.
2026-02-05 15:46:18 DEBUG org.hibernate.SQL - create table Players (id bigint generated by default as identity, name VARCHAR not null unique, primary key (id))
2026-02-05 15:46:18 DEBUG org.hibernate.SQL - alter table if exists Matches add constraint FKn85v5k7x6k5ttvm386a04y703 foreign key (first_player) references Players
2026-02-05 15:46:18 DEBUG org.hibernate.SQL - alter table if exists Matches add constraint FKifkkjnajnfuje5l925oq6qqua foreign key (second_player) references Players
2026-02-05 15:46:18 DEBUG org.hibernate.SQL - alter table if exists Matches add constraint FKppea4u7g9w0udc45cclufj64u foreign key (winner) references Players
2026-02-05 15:46:18 DEBUG org.hibernate.SQL - select p1_0.id,p1_0.name from Players p1_0 where p1_0.name in (?,?)
2026-02-05 15:46:18 DEBUG org.hibernate.SQL - insert into Players (name,id) values (?,default)
2026-02-05 15:46:18 DEBUG org.hibernate.SQL - insert into Players (name,id) values (?,default)
2026-02-05 15:46:18 DEBUG org.hibernate.SQL - insert into Matches (first_player,second_player,winner,id) values (?,?,?,default)
2026-02-05 15:46:18 DEBUG org.hibernate.SQL - select p1_0.id,p1_0.name from Players p1_0 where p1_0.name in (?,?)
2026-02-05 15:46:18 DEBUG org.hibernate.SQL - insert into Players (name,id) values (?,default)
2026-02-05 15:46:18 DEBUG org.hibernate.SQL - insert into Matches (first_player,second_player,winner,id) values (?,?,?,default)
2026-02-05 15:46:18 DEBUG org.hibernate.SQL - DELETE FROM Matches
2026-02-05 15:46:18 DEBUG org.hibernate.SQL - DELETE FROM Players
2026-02-05 15:46:18 DEBUG org.hibernate.SQL - select p1_0.id,p1_0.name from Players p1_0 where p1_0.name in (?,?)
2026-02-05 15:46:18 DEBUG org.hibernate.SQL - insert into Players (name,id) values (?,default)
2026-02-05 15:46:18 DEBUG org.hibernate.SQL - insert into Players (name,id) values (?,default)
2026-02-05 15:46:18 DEBUG org.hibernate.SQL - insert into Matches (first_player,second_player,winner,id) values (?,?,?,default)
2026-02-05 15:46:18 DEBUG org.hibernate.SQL - DELETE FROM Matches
2026-02-05 15:46:18 DEBUG org.hibernate.SQL - DELETE FROM Players
2026-02-05 15:46:18 DEBUG org.hibernate.SQL - select p1_0.id,p1_0.name from Players p1_0 where p1_0.name in (?,?)
2026-02-05 15:46:18 DEBUG org.hibernate.SQL - insert into Players (name,id) values (?,default)
2026-02-05 15:46:18 DEBUG org.hibernate.SQL - insert into Players (name,id) values (?,default)
2026-02-05 15:46:18 DEBUG org.hibernate.SQL - insert into Matches (first_player,second_player,winner,id) values (?,?,?,default)
2026-02-05 15:46:18 DEBUG org.hibernate.SQL - select p1_0.id,p1_0.name from Players p1_0 where p1_0.name in (?,?)
2026-02-05 15:46:18 DEBUG org.hibernate.SQL - insert into Matches (first_player,second_player,winner,id) values (?,?,?,default)
2026-02-05 15:46:18 DEBUG org.hibernate.SQL - DELETE FROM Matches
2026-02-05 15:46:18 DEBUG org.hibernate.SQL - DELETE FROM Players
2026-02-05 15:47:46 INFO  org.hibernate.Version - HHH000412: Hibernate ORM core version 7.0.8.Final
2026-02-05 15:47:46 INFO  org.hibernate.cfg.Environment - HHH000205: Loaded properties from resource hibernate.properties: {hibernate.connection.driver_class=org.h2.Driver, hibernate.hbm2ddl.auto=create, hibernate.dialect=org.hibernate.dialect.H2Dialect, hibernate.connection.password=****, hibernate.connection.username=sa, hibernate.connection.url=jdbc:h2:mem:./data/scoreboard_db;DB_CLOSE_DELAY=-1, hibernate.connection.pool_size=10, hibernate.current_session_context_class=thread}
2026-02-05 15:47:47 WARN  o.hibernate.orm.connections.pooling - HHH10001002: Using built-in connection pool (not intended for production use)
2026-02-05 15:47:47 WARN  org.hibernate.orm.deprecation - HHH90000025: H2Dialect does not need to be specified explicitly using 'hibernate.dialect' (remove the property setting and it will be selected by default)
2026-02-05 15:47:47 INFO  o.hibernate.orm.connections.pooling - HHH10001005: Database info:
	Database JDBC URL [jdbc:h2:mem:./data/scoreboard_db;DB_CLOSE_DELAY=-1]
	Database driver: org.h2.Driver
	Database version: 2.3.232
	Autocommit mode: false
	Isolation level: undefined/unknown
	Pool: DriverManagerConnectionProviderImpl
	Minimum pool size: 1
	Maximum pool size: 10
2026-02-05 15:47:47 DEBUG org.hibernate.SQL - drop table if exists Matches cascade 
2026-02-05 15:47:47 INFO  o.hibernate.orm.connections.access - HHH10001501: Connection obtained from JdbcConnectionAccess [org.hibernate.engine.jdbc.env.internal.JdbcEnvironmentInitiator$ConnectionProviderJdbcConnectionAccess@2b936b04] for (non-JTA) DDL execution was not in auto-commit mode; the Connection 'local transaction' will be committed and the Connection will be set into auto-commit mode.
2026-02-05 15:47:47 DEBUG org.hibernate.SQL - drop table if exists Players cascade 
2026-02-05 15:47:47 DEBUG org.hibernate.SQL - create table Matches (first_player bigint, id BIGINT generated by default as identity, second_player bigint, winner bigint, primary key (id))
2026-02-05 15:47:47 INFO  o.hibernate.orm.connections.access - HHH10001501: Connection obtained from JdbcConnectionAccess [org.hibernate.engine.jdbc.env.internal.JdbcEnvironmentInitiator$ConnectionProviderJdbcConnectionAccess@2e1add6f] for (non-JTA) DDL execution was not in auto-commit mode; the Connection 'local transaction' will be committed and the Connection will be set into auto-commit mode.
2026-02-05 15:47:47 DEBUG org.hibernate.SQL - create table Players (id bigint generated by default as identity, name VARCHAR not null unique, primary key (id))
2026-02-05 15:47:47 DEBUG org.hibernate.SQL - alter table if exists Matches add constraint FKn85v5k7x6k5ttvm386a04y703 foreign key (first_player) references Players
2026-02-05 15:47:47 DEBUG org.hibernate.SQL - alter table if exists Matches add constraint FKifkkjnajnfuje5l925oq6qqua foreign key (second_player) references Players
2026-02-05 15:47:47 DEBUG org.hibernate.SQL - alter table if exists Matches add constraint FKppea4u7g9w0udc45cclufj64u foreign key (winner) references Players
2026-02-05 15:47:48 DEBUG org.hibernate.SQL - select p1_0.id,p1_0.name from Players p1_0 where p1_0.name in (?,?)
2026-02-05 15:47:48 DEBUG org.hibernate.SQL - insert into Players (name,id) values (?,default)
2026-02-05 15:47:48 DEBUG org.hibernate.SQL - insert into Players (name,id) values (?,default)
2026-02-05 15:47:48 DEBUG org.hibernate.SQL - insert into Matches (first_player,second_player,winner,id) values (?,?,?,default)
2026-02-05 15:47:48 DEBUG org.hibernate.SQL - select p1_0.id,p1_0.name from Players p1_0 where p1_0.name in (?,?)
2026-02-05 15:47:48 DEBUG org.hibernate.SQL - insert into Players (name,id) values (?,default)
2026-02-05 15:47:48 DEBUG org.hibernate.SQL - insert into Matches (first_player,second_player,winner,id) values (?,?,?,default)
2026-02-05 15:47:48 DEBUG org.hibernate.SQL - DELETE FROM Matches
2026-02-05 15:47:48 DEBUG org.hibernate.SQL - DELETE FROM Players
2026-02-05 15:47:48 DEBUG org.hibernate.SQL - select p1_0.id,p1_0.name from Players p1_0 where p1_0.name in (?,?)
2026-02-05 15:47:48 DEBUG org.hibernate.SQL - insert into Players (name,id) values (?,default)
2026-02-05 15:47:48 DEBUG org.hibernate.SQL - insert into Players (name,id) values (?,default)
2026-02-05 15:47:48 DEBUG org.hibernate.SQL - insert into Matches (first_player,second_player,winner,id) values (?,?,?,default)
2026-02-05 15:47:48 DEBUG org.hibernate.SQL - DELETE FROM Matches
2026-02-05 15:47:48 DEBUG org.hibernate.SQL - DELETE FROM Players
2026-02-05 15:47:48 DEBUG org.hibernate.SQL - select p1_0.id,p1_0.name from Players p1_0 where p1_0.name in (?,?)
2026-02-05 15:47:48 DEBUG org.hibernate.SQL - insert into Players (name,id) values (?,default)
2026-02-05 15:47:48 DEBUG org.hibernate.SQL - insert into Players (name,id) values (?,default)
2026-02-05 15:47:48 DEBUG org.hibernate.SQL - insert into Matches (first_player,second_player,winner,id) values (?,?,?,default)
2026-02-05 15:47:48 DEBUG org.hibernate.SQL - select p1_0.id,p1_0.name from Players p1_0 where p1_0.name in (?,?)
2026-02-05 15:47:48 DEBUG org.hibernate.SQL - insert into Matches (first_player,second_player,winner,id) values (?,?,?,default)
2026-02-05 15:47:48 DEBUG org.hibernate.SQL - DELETE FROM Matches
2026-02-05 15:47:48 DEBUG org.hibernate.SQL - DELETE FROM Players
2026-02-05 15:59:55 INFO  org.hibernate.Version - HHH000412: Hibernate ORM core version 7.0.8.Final
2026-02-05 15:59:55 INFO  org.hibernate.cfg.Environment - HHH000205: Loaded properties from resource hibernate.properties: {hibernate.connection.driver_class=org.h2.Driver, hibernate.hbm2ddl.auto=create, hibernate.dialect=org.hibernate.dialect.H2Dialect, hibernate.connection.password=****, hibernate.connection.username=sa, hibernate.connection.url=jdbc:h2:mem:./data/scoreboard_db;DB_CLOSE_DELAY=-1, hibernate.connection.pool_size=10, hibernate.current_session_context_class=thread}
2026-02-05 15:59:55 WARN  o.hibernate.orm.connections.pooling - HHH10001002: Using built-in connection pool (not intended for production use)
2026-02-05 15:59:55 WARN  org.hibernate.orm.deprecation - HHH90000025: H2Dialect does not need to be specified explicitly using 'hibernate.dialect' (remove the property setting and it will be selected by default)
2026-02-05 15:59:55 INFO  o.hibernate.orm.connections.pooling - HHH10001005: Database info:
	Database JDBC URL [jdbc:h2:mem:./data/scoreboard_db;DB_CLOSE_DELAY=-1]
	Database driver: org.h2.Driver
	Database version: 2.3.232
	Autocommit mode: false
	Isolation level: undefined/unknown
	Pool: DriverManagerConnectionProviderImpl
	Minimum pool size: 1
	Maximum pool size: 10
2026-02-05 15:59:56 DEBUG org.hibernate.SQL - drop table if exists Matches cascade 
2026-02-05 15:59:56 INFO  o.hibernate.orm.connections.access - HHH10001501: Connection obtained from JdbcConnectionAccess [org.hibernate.engine.jdbc.env.internal.JdbcEnvironmentInitiator$ConnectionProviderJdbcConnectionAccess@2b936b04] for (non-JTA) DDL execution was not in auto-commit mode; the Connection 'local transaction' will be committed and the Connection will be set into auto-commit mode.
2026-02-05 15:59:56 DEBUG org.hibernate.SQL - drop table if exists Players cascade 
2026-02-05 15:59:56 DEBUG org.hibernate.SQL - create table Matches (first_player bigint, id BIGINT generated by default as identity, second_player bigint, winner bigint, primary key (id))
2026-02-05 15:59:56 INFO  o.hibernate.orm.connections.access - HHH10001501: Connection obtained from JdbcConnectionAccess [org.hibernate.engine.jdbc.env.internal.JdbcEnvironmentInitiator$ConnectionProviderJdbcConnectionAccess@2e1add6f] for (non-JTA) DDL execution was not in auto-commit mode; the Connection 'local transaction' will be committed and the Connection will be set into auto-commit mode.
2026-02-05 15:59:56 DEBUG org.hibernate.SQL - create table Players (id bigint generated by default as identity, name VARCHAR not null unique, primary key (id))
2026-02-05 15:59:56 DEBUG org.hibernate.SQL - alter table if exists Matches add constraint FKn85v5k7x6k5ttvm386a04y703 foreign key (first_player) references Players
2026-02-05 15:59:56 DEBUG org.hibernate.SQL - alter table if exists Matches add constraint FKifkkjnajnfuje5l925oq6qqua foreign key (second_player) references Players
2026-02-05 15:59:56 DEBUG org.hibernate.SQL - alter table if exists Matches add constraint FKppea4u7g9w0udc45cclufj64u foreign key (winner) references Players
2026-02-05 15:59:56 DEBUG org.hibernate.SQL - select p1_0.id,p1_0.name from Players p1_0 where p1_0.name in (?,?)
2026-02-05 15:59:56 DEBUG org.hibernate.SQL - insert into Players (name,id) values (?,default)
2026-02-05 15:59:56 DEBUG org.hibernate.SQL - insert into Players (name,id) values (?,default)
2026-02-05 15:59:56 DEBUG org.hibernate.SQL - insert into Matches (first_player,second_player,winner,id) values (?,?,?,default)
2026-02-05 15:59:56 DEBUG org.hibernate.SQL - select p1_0.id,p1_0.name from Players p1_0 where p1_0.name in (?,?)
2026-02-05 15:59:56 DEBUG org.hibernate.SQL - insert into Players (name,id) values (?,default)
2026-02-05 15:59:56 DEBUG org.hibernate.SQL - insert into Matches (first_player,second_player,winner,id) values (?,?,?,default)
2026-02-05 15:59:56 DEBUG org.hibernate.SQL - DELETE FROM Matches
2026-02-05 15:59:56 DEBUG org.hibernate.SQL - DELETE FROM Players
2026-02-05 15:59:56 DEBUG org.hibernate.SQL - select p1_0.id,p1_0.name from Players p1_0 where p1_0.name in (?,?)
2026-02-05 15:59:56 DEBUG org.hibernate.SQL - insert into Players (name,id) values (?,default)
2026-02-05 15:59:56 DEBUG org.hibernate.SQL - insert into Players (name,id) values (?,default)
2026-02-05 15:59:56 DEBUG org.hibernate.SQL - insert into Matches (first_player,second_player,winner,id) values (?,?,?,default)
2026-02-05 15:59:56 DEBUG org.hibernate.SQL - DELETE FROM Matches
2026-02-05 15:59:56 DEBUG org.hibernate.SQL - DELETE FROM Players
2026-02-05 15:59:56 DEBUG org.hibernate.SQL - select p1_0.id,p1_0.name from Players p1_0 where p1_0.name in (?,?)
2026-02-05 15:59:56 DEBUG org.hibernate.SQL - insert into Players (name,id) values (?,default)
2026-02-05 15:59:56 DEBUG org.hibernate.SQL - insert into Players (name,id) values (?,default)
2026-02-05 15:59:56 DEBUG org.hibernate.SQL - insert into Matches (first_player,second_player,winner,id) values (?,?,?,default)
2026-02-05 15:59:56 DEBUG org.hibernate.SQL - select p1_0.id,p1_0.name from Players p1_0 where p1_0.name in (?,?)
2026-02-05 15:59:56 DEBUG org.hibernate.SQL - insert into Matches (first_player,second_player,winner,id) values (?,?,?,default)
2026-02-05 15:59:56 DEBUG org.hibernate.SQL - DELETE FROM Matches
2026-02-05 15:59:56 DEBUG org.hibernate.SQL - DELETE FROM Players
2026-02-05 16:06:07 INFO  org.hibernate.Version - HHH000412: Hibernate ORM core version 7.0.8.Final
2026-02-05 16:06:07 INFO  org.hibernate.cfg.Environment - HHH000205: Loaded properties from resource hibernate.properties: {hibernate.connection.driver_class=org.h2.Driver, hibernate.hbm2ddl.auto=create, hibernate.dialect=org.hibernate.dialect.H2Dialect, hibernate.connection.password=****, hibernate.connection.username=sa, hibernate.connection.url=jdbc:h2:mem:./data/scoreboard_db;DB_CLOSE_DELAY=-1, hibernate.connection.pool_size=10, hibernate.current_session_context_class=thread}
2026-02-05 16:06:07 WARN  o.hibernate.orm.connections.pooling - HHH10001002: Using built-in connection pool (not intended for production use)
2026-02-05 16:06:07 WARN  org.hibernate.orm.deprecation - HHH90000025: H2Dialect does not need to be specified explicitly using 'hibernate.dialect' (remove the property setting and it will be selected by default)
2026-02-05 16:06:07 INFO  o.hibernate.orm.connections.pooling - HHH10001005: Database info:
	Database JDBC URL [jdbc:h2:mem:./data/scoreboard_db;DB_CLOSE_DELAY=-1]
	Database driver: org.h2.Driver
	Database version: 2.3.232
	Autocommit mode: false
	Isolation level: undefined/unknown
	Pool: DriverManagerConnectionProviderImpl
	Minimum pool size: 1
	Maximum pool size: 10
2026-02-05 16:06:08 DEBUG org.hibernate.SQL - drop table if exists Matches cascade 
2026-02-05 16:06:08 INFO  o.hibernate.orm.connections.access - HHH10001501: Connection obtained from JdbcConnectionAccess [org.hibernate.engine.jdbc.env.internal.JdbcEnvironmentInitiator$ConnectionProviderJdbcConnectionAccess@2b936b04] for (non-JTA) DDL execution was not in auto-commit mode; the Connection 'local transaction' will be committed and the Connection will be set into auto-commit mode.
2026-02-05 16:06:08 DEBUG org.hibernate.SQL - drop table if exists Players cascade 
2026-02-05 16:06:08 DEBUG org.hibernate.SQL - create table Matches (first_player bigint, id BIGINT generated by default as identity, second_player bigint, winner bigint, primary key (id))
2026-02-05 16:06:08 INFO  o.hibernate.orm.connections.access - HHH10001501: Connection obtained from JdbcConnectionAccess [org.hibernate.engine.jdbc.env.internal.JdbcEnvironmentInitiator$ConnectionProviderJdbcConnectionAccess@2e1add6f] for (non-JTA) DDL execution was not in auto-commit mode; the Connection 'local transaction' will be committed and the Connection will be set into auto-commit mode.
2026-02-05 16:06:08 DEBUG org.hibernate.SQL - create table Players (id bigint generated by default as identity, name VARCHAR not null unique, primary key (id))
2026-02-05 16:06:08 DEBUG org.hibernate.SQL - alter table if exists Matches add constraint FKn85v5k7x6k5ttvm386a04y703 foreign key (first_player) references Players
2026-02-05 16:06:08 DEBUG org.hibernate.SQL - alter table if exists Matches add constraint FKifkkjnajnfuje5l925oq6qqua foreign key (second_player) references Players
2026-02-05 16:06:08 DEBUG org.hibernate.SQL - alter table if exists Matches add constraint FKppea4u7g9w0udc45cclufj64u foreign key (winner) references Players
2026-02-05 16:06:08 DEBUG org.hibernate.SQL - select p1_0.id,p1_0.name from Players p1_0 where p1_0.name in (?,?)
2026-02-05 16:06:08 DEBUG org.hibernate.SQL - insert into Players (name,id) values (?,default)
2026-02-05 16:06:08 DEBUG org.hibernate.SQL - insert into Players (name,id) values (?,default)
2026-02-05 16:06:08 DEBUG org.hibernate.SQL - insert into Matches (first_player,second_player,winner,id) values (?,?,?,default)
2026-02-05 16:06:08 DEBUG org.hibernate.SQL - select p1_0.id,p1_0.name from Players p1_0 where p1_0.name in (?,?)
2026-02-05 16:06:08 DEBUG org.hibernate.SQL - insert into Players (name,id) values (?,default)
2026-02-05 16:06:08 DEBUG org.hibernate.SQL - insert into Matches (first_player,second_player,winner,id) values (?,?,?,default)
2026-02-05 16:06:08 DEBUG org.hibernate.SQL - DELETE FROM Matches
2026-02-05 16:06:08 DEBUG org.hibernate.SQL - DELETE FROM Players
2026-02-05 16:06:08 DEBUG org.hibernate.SQL - select p1_0.id,p1_0.name from Players p1_0 where p1_0.name in (?,?)
2026-02-05 16:06:08 DEBUG org.hibernate.SQL - insert into Players (name,id) values (?,default)
2026-02-05 16:06:08 DEBUG org.hibernate.SQL - insert into Players (name,id) values (?,default)
2026-02-05 16:06:08 DEBUG org.hibernate.SQL - insert into Matches (first_player,second_player,winner,id) values (?,?,?,default)
2026-02-05 16:06:08 DEBUG org.hibernate.SQL - DELETE FROM Matches
2026-02-05 16:06:08 DEBUG org.hibernate.SQL - DELETE FROM Players
2026-02-05 16:06:08 DEBUG org.hibernate.SQL - select p1_0.id,p1_0.name from Players p1_0 where p1_0.name in (?,?)
2026-02-05 16:06:08 DEBUG org.hibernate.SQL - insert into Players (name,id) values (?,default)
2026-02-05 16:06:08 DEBUG org.hibernate.SQL - insert into Players (name,id) values (?,default)
2026-02-05 16:06:08 DEBUG org.hibernate.SQL - insert into Matches (first_player,second_player,winner,id) values (?,?,?,default)
2026-02-05 16:06:08 DEBUG org.hibernate.SQL - select p1_0.id,p1_0.name from Players p1_0 where p1_0.name in (?,?)
2026-02-05 16:06:08 DEBUG org.hibernate.SQL - insert into Matches (first_player,second_player,winner,id) values (?,?,?,default)
2026-02-05 16:06:08 DEBUG org.hibernate.SQL - DELETE FROM Matches
2026-02-05 16:06:08 DEBUG org.hibernate.SQL - DELETE FROM Players
2026-02-05 16:10:26 INFO  org.hibernate.Version - HHH000412: Hibernate ORM core version 7.0.8.Final
2026-02-05 16:10:26 INFO  org.hibernate.cfg.Environment - HHH000205: Loaded properties from resource hibernate.properties: {hibernate.connection.driver_class=org.h2.Driver, hibernate.hbm2ddl.auto=create, hibernate.dialect=org.hibernate.dialect.H2Dialect, hibernate.connection.password=****, hibernate.connection.username=sa, hibernate.connection.url=jdbc:h2:mem:./data/scoreboard_db;DB_CLOSE_DELAY=-1, hibernate.connection.pool_size=10, hibernate.current_session_context_class=thread}
2026-02-05 16:10:26 WARN  o.hibernate.orm.connections.pooling - HHH10001002: Using built-in connection pool (not intended for production use)
2026-02-05 16:10:26 WARN  org.hibernate.orm.deprecation - HHH90000025: H2Dialect does not need to be specified explicitly using 'hibernate.dialect' (remove the property setting and it will be selected by default)
2026-02-05 16:10:26 INFO  o.hibernate.orm.connections.pooling - HHH10001005: Database info:
	Database JDBC URL [jdbc:h2:mem:./data/scoreboard_db;DB_CLOSE_DELAY=-1]
	Database driver: org.h2.Driver
	Database version: 2.3.232
	Autocommit mode: false
	Isolation level: undefined/unknown
	Pool: DriverManagerConnectionProviderImpl
	Minimum pool size: 1
	Maximum pool size: 10
2026-02-05 16:10:27 DEBUG org.hibernate.SQL - drop table if exists Matches cascade 
2026-02-05 16:10:27 INFO  o.hibernate.orm.connections.access - HHH10001501: Connection obtained from JdbcConnectionAccess [org.hibernate.engine.jdbc.env.internal.JdbcEnvironmentInitiator$ConnectionProviderJdbcConnectionAccess@2b936b04] for (non-JTA) DDL execution was not in auto-commit mode; the Connection 'local transaction' will be committed and the Connection will be set into auto-commit mode.
2026-02-05 16:10:27 DEBUG org.hibernate.SQL - drop table if exists Players cascade 
2026-02-05 16:10:27 DEBUG org.hibernate.SQL - create table Matches (first_player bigint, id BIGINT generated by default as identity, second_player bigint, winner bigint, primary key (id))
2026-02-05 16:10:27 INFO  o.hibernate.orm.connections.access - HHH10001501: Connection obtained from JdbcConnectionAccess [org.hibernate.engine.jdbc.env.internal.JdbcEnvironmentInitiator$ConnectionProviderJdbcConnectionAccess@2e1add6f] for (non-JTA) DDL execution was not in auto-commit mode; the Connection 'local transaction' will be committed and the Connection will be set into auto-commit mode.
2026-02-05 16:10:27 DEBUG org.hibernate.SQL - create table Players (id bigint generated by default as identity, name VARCHAR not null unique, primary key (id))
2026-02-05 16:10:27 DEBUG org.hibernate.SQL - alter table if exists Matches add constraint FKn85v5k7x6k5ttvm386a04y703 foreign key (first_player) references Players
2026-02-05 16:10:27 DEBUG org.hibernate.SQL - alter table if exists Matches add constraint FKifkkjnajnfuje5l925oq6qqua foreign key (second_player) references Players
2026-02-05 16:10:27 DEBUG org.hibernate.SQL - alter table if exists Matches add constraint FKppea4u7g9w0udc45cclufj64u foreign key (winner) references Players
2026-02-05 16:10:27 DEBUG org.hibernate.SQL - select p1_0.id,p1_0.name from Players p1_0 where p1_0.name in (?,?)
2026-02-05 16:10:27 DEBUG org.hibernate.SQL - insert into Players (name,id) values (?,default)
2026-02-05 16:10:27 DEBUG org.hibernate.SQL - insert into Players (name,id) values (?,default)
2026-02-05 16:10:27 DEBUG org.hibernate.SQL - insert into Matches (first_player,second_player,winner,id) values (?,?,?,default)
2026-02-05 16:10:27 DEBUG org.hibernate.SQL - select p1_0.id,p1_0.name from Players p1_0 where p1_0.name in (?,?)
2026-02-05 16:10:27 DEBUG org.hibernate.SQL - insert into Players (name,id) values (?,default)
2026-02-05 16:10:27 DEBUG org.hibernate.SQL - insert into Matches (first_player,second_player,winner,id) values (?,?,?,default)
2026-02-05 16:10:27 DEBUG org.hibernate.SQL - DELETE FROM Matches
2026-02-05 16:10:27 DEBUG org.hibernate.SQL - DELETE FROM Players
2026-02-05 16:10:27 DEBUG org.hibernate.SQL - select p1_0.id,p1_0.name from Players p1_0 where p1_0.name in (?,?)
2026-02-05 16:10:27 DEBUG org.hibernate.SQL - insert into Players (name,id) values (?,default)
2026-02-05 16:10:27 DEBUG org.hibernate.SQL - insert into Players (name,id) values (?,default)
2026-02-05 16:10:27 DEBUG org.hibernate.SQL - insert into Matches (first_player,second_player,winner,id) values (?,?,?,default)
2026-02-05 16:10:27 DEBUG org.hibernate.SQL - DELETE FROM Matches
2026-02-05 16:10:27 DEBUG org.hibernate.SQL - DELETE FROM Players
2026-02-05 16:10:27 DEBUG org.hibernate.SQL - select p1_0.id,p1_0.name from Players p1_0 where p1_0.name in (?,?)
2026-02-05 16:10:27 DEBUG org.hibernate.SQL - insert into Players (name,id) values (?,default)
2026-02-05 16:10:27 DEBUG org.hibernate.SQL - insert into Players (name,id) values (?,default)
2026-02-05 16:10:27 DEBUG org.hibernate.SQL - insert into Matches (first_player,second_player,winner,id) values (?,?,?,default)
2026-02-05 16:10:27 DEBUG org.hibernate.SQL - select p1_0.id,p1_0.name from Players p1_0 where p1_0.name in (?,?)
2026-02-05 16:10:27 DEBUG org.hibernate.SQL - insert into Matches (first_player,second_player,winner,id) values (?,?,?,default)
2026-02-05 16:10:27 DEBUG org.hibernate.SQL - DELETE FROM Matches
2026-02-05 16:10:27 DEBUG org.hibernate.SQL - DELETE FROM Players
2026-02-05 16:20:17 INFO  org.hibernate.Version - HHH000412: Hibernate ORM core version 7.0.8.Final
2026-02-05 16:20:17 INFO  org.hibernate.cfg.Environment - HHH000205: Loaded properties from resource hibernate.properties: {hibernate.connection.driver_class=org.h2.Driver, hibernate.hbm2ddl.auto=create, hibernate.dialect=org.hibernate.dialect.H2Dialect, hibernate.connection.password=****, hibernate.connection.username=sa, hibernate.connection.url=jdbc:h2:mem:./data/scoreboard_db;DB_CLOSE_DELAY=-1, hibernate.connection.pool_size=10, hibernate.current_session_context_class=thread}
2026-02-05 16:20:17 WARN  o.hibernate.orm.connections.pooling - HHH10001002: Using built-in connection pool (not intended for production use)
2026-02-05 16:20:17 WARN  org.hibernate.orm.deprecation - HHH90000025: H2Dialect does not need to be specified explicitly using 'hibernate.dialect' (remove the property setting and it will be selected by default)
2026-02-05 16:20:17 INFO  o.hibernate.orm.connections.pooling - HHH10001005: Database info:
	Database JDBC URL [jdbc:h2:mem:./data/scoreboard_db;DB_CLOSE_DELAY=-1]
	Database driver: org.h2.Driver
	Database version: 2.3.232
	Autocommit mode: false
	Isolation level: undefined/unknown
	Pool: DriverManagerConnectionProviderImpl
	Minimum pool size: 1
	Maximum pool size: 10
2026-02-05 16:20:18 DEBUG org.hibernate.SQL - drop table if exists Matches cascade 
2026-02-05 16:20:18 INFO  o.hibernate.orm.connections.access - HHH10001501: Connection obtained from JdbcConnectionAccess [org.hibernate.engine.jdbc.env.internal.JdbcEnvironmentInitiator$ConnectionProviderJdbcConnectionAccess@2b936b04] for (non-JTA) DDL execution was not in auto-commit mode; the Connection 'local transaction' will be committed and the Connection will be set into auto-commit mode.
2026-02-05 16:20:18 DEBUG org.hibernate.SQL - drop table if exists Players cascade 
2026-02-05 16:20:18 DEBUG org.hibernate.SQL - create table Matches (first_player bigint, id BIGINT generated by default as identity, second_player bigint, winner bigint, primary key (id))
2026-02-05 16:20:18 INFO  o.hibernate.orm.connections.access - HHH10001501: Connection obtained from JdbcConnectionAccess [org.hibernate.engine.jdbc.env.internal.JdbcEnvironmentInitiator$ConnectionProviderJdbcConnectionAccess@2e1add6f] for (non-JTA) DDL execution was not in auto-commit mode; the Connection 'local transaction' will be committed and the Connection will be set into auto-commit mode.
2026-02-05 16:20:18 DEBUG org.hibernate.SQL - create table Players (id bigint generated by default as identity, name VARCHAR not null unique, primary key (id))
2026-02-05 16:20:18 DEBUG org.hibernate.SQL - alter table if exists Matches add constraint FKn85v5k7x6k5ttvm386a04y703 foreign key (first_player) references Players
2026-02-05 16:20:18 DEBUG org.hibernate.SQL - alter table if exists Matches add constraint FKifkkjnajnfuje5l925oq6qqua foreign key (second_player) references Players
2026-02-05 16:20:18 DEBUG org.hibernate.SQL - alter table if exists Matches add constraint FKppea4u7g9w0udc45cclufj64u foreign key (winner) references Players
2026-02-05 16:20:18 DEBUG org.hibernate.SQL - select p1_0.id,p1_0.name from Players p1_0 where p1_0.name in (?,?)
2026-02-05 16:20:18 DEBUG org.hibernate.SQL - insert into Players (name,id) values (?,default)
2026-02-05 16:20:18 DEBUG org.hibernate.SQL - insert into Players (name,id) values (?,default)
2026-02-05 16:20:18 DEBUG org.hibernate.SQL - insert into Matches (first_player,second_player,winner,id) values (?,?,?,default)
2026-02-05 16:20:18 DEBUG org.hibernate.SQL - select p1_0.id,p1_0.name from Players p1_0 where p1_0.name in (?,?)
2026-02-05 16:20:18 DEBUG org.hibernate.SQL - insert into Players (name,id) values (?,default)
2026-02-05 16:20:18 DEBUG org.hibernate.SQL - insert into Matches (first_player,second_player,winner,id) values (?,?,?,default)
2026-02-05 16:20:18 DEBUG org.hibernate.SQL - DELETE FROM Matches
2026-02-05 16:20:18 DEBUG org.hibernate.SQL - DELETE FROM Players
2026-02-05 16:20:18 DEBUG org.hibernate.SQL - select p1_0.id,p1_0.name from Players p1_0 where p1_0.name in (?,?)
2026-02-05 16:20:18 DEBUG org.hibernate.SQL - insert into Players (name,id) values (?,default)
2026-02-05 16:20:18 DEBUG org.hibernate.SQL - insert into Players (name,id) values (?,default)
2026-02-05 16:20:18 DEBUG org.hibernate.SQL - insert into Matches (first_player,second_player,winner,id) values (?,?,?,default)
2026-02-05 16:20:18 DEBUG org.hibernate.SQL - DELETE FROM Matches
2026-02-05 16:20:18 DEBUG org.hibernate.SQL - DELETE FROM Players
2026-02-05 16:20:18 DEBUG org.hibernate.SQL - select p1_0.id,p1_0.name from Players p1_0 where p1_0.name in (?,?)
2026-02-05 16:20:18 DEBUG org.hibernate.SQL - insert into Players (name,id) values (?,default)
2026-02-05 16:20:18 DEBUG org.hibernate.SQL - insert into Players (name,id) values (?,default)
2026-02-05 16:20:18 DEBUG org.hibernate.SQL - insert into Matches (first_player,second_player,winner,id) values (?,?,?,default)
2026-02-05 16:20:18 DEBUG org.hibernate.SQL - select p1_0.id,p1_0.name from Players p1_0 where p1_0.name in (?,?)
2026-02-05 16:20:18 DEBUG org.hibernate.SQL - insert into Matches (first_player,second_player,winner,id) values (?,?,?,default)
2026-02-05 16:20:18 DEBUG org.hibernate.SQL - DELETE FROM Matches
2026-02-05 16:20:18 DEBUG org.hibernate.SQL - DELETE FROM Players
2026-02-05 16:26:49 INFO  org.hibernate.Version - HHH000412: Hibernate ORM core version 7.0.8.Final
2026-02-05 16:26:49 INFO  org.hibernate.cfg.Environment - HHH000205: Loaded properties from resource hibernate.properties: {hibernate.connection.driver_class=org.h2.Driver, hibernate.hbm2ddl.auto=create, hibernate.dialect=org.hibernate.dialect.H2Dialect, hibernate.connection.password=****, hibernate.connection.username=sa, hibernate.connection.url=jdbc:h2:mem:./data/scoreboard_db;DB_CLOSE_DELAY=-1, hibernate.connection.pool_size=10, hibernate.current_session_context_class=thread}
2026-02-05 16:26:49 WARN  o.hibernate.orm.connections.pooling - HHH10001002: Using built-in connection pool (not intended for production use)
2026-02-05 16:26:50 WARN  org.hibernate.orm.deprecation - HHH90000025: H2Dialect does not need to be specified explicitly using 'hibernate.dialect' (remove the property setting and it will be selected by default)
2026-02-05 16:26:50 INFO  o.hibernate.orm.connections.pooling - HHH10001005: Database info:
	Database JDBC URL [jdbc:h2:mem:./data/scoreboard_db;DB_CLOSE_DELAY=-1]
	Database driver: org.h2.Driver
	Database version: 2.3.232
	Autocommit mode: false
	Isolation level: undefined/unknown
	Pool: DriverManagerConnectionProviderImpl
	Minimum pool size: 1
	Maximum pool size: 10
2026-02-05 16:26:50 DEBUG org.hibernate.SQL - drop table if exists Matches cascade 
2026-02-05 16:26:50 INFO  o.hibernate.orm.connections.access - HHH10001501: Connection obtained from JdbcConnectionAccess [org.hibernate.engine.jdbc.env.internal.JdbcEnvironmentInitiator$ConnectionProviderJdbcConnectionAccess@32b112a1] for (non-JTA) DDL execution was not in auto-commit mode; the Connection 'local transaction' will be committed and the Connection will be set into auto-commit mode.
2026-02-05 16:26:50 DEBUG org.hibernate.SQL - drop table if exists Players cascade 
2026-02-05 16:26:50 DEBUG org.hibernate.SQL - create table Matches (first_player bigint, id BIGINT generated by default as identity, second_player bigint, winner bigint, primary key (id))
2026-02-05 16:26:50 INFO  o.hibernate.orm.connections.access - HHH10001501: Connection obtained from JdbcConnectionAccess [org.hibernate.engine.jdbc.env.internal.JdbcEnvironmentInitiator$ConnectionProviderJdbcConnectionAccess@467af68c] for (non-JTA) DDL execution was not in auto-commit mode; the Connection 'local transaction' will be committed and the Connection will be set into auto-commit mode.
2026-02-05 16:26:50 DEBUG org.hibernate.SQL - create table Players (id bigint generated by default as identity, name VARCHAR not null unique, primary key (id))
2026-02-05 16:26:50 DEBUG org.hibernate.SQL - alter table if exists Matches add constraint FKn85v5k7x6k5ttvm386a04y703 foreign key (first_player) references Players
2026-02-05 16:26:50 DEBUG org.hibernate.SQL - alter table if exists Matches add constraint FKifkkjnajnfuje5l925oq6qqua foreign key (second_player) references Players
2026-02-05 16:26:50 DEBUG org.hibernate.SQL - alter table if exists Matches add constraint FKppea4u7g9w0udc45cclufj64u foreign key (winner) references Players
2026-02-05 16:26:51 DEBUG org.hibernate.SQL - select p1_0.id,p1_0.name from Players p1_0 where p1_0.name in (?,?)
2026-02-05 16:26:51 DEBUG org.hibernate.SQL - insert into Players (name,id) values (?,default)
2026-02-05 16:26:51 DEBUG org.hibernate.SQL - insert into Players (name,id) values (?,default)
2026-02-05 16:26:51 DEBUG org.hibernate.SQL - insert into Matches (first_player,second_player,winner,id) values (?,?,?,default)
2026-02-05 16:26:51 DEBUG org.hibernate.SQL - select p1_0.id,p1_0.name from Players p1_0 where p1_0.name in (?,?)
2026-02-05 16:26:51 DEBUG org.hibernate.SQL - insert into Players (name,id) values (?,default)
2026-02-05 16:26:51 DEBUG org.hibernate.SQL - insert into Matches (first_player,second_player,winner,id) values (?,?,?,default)
2026-02-05 16:26:51 DEBUG org.hibernate.SQL - DELETE FROM Matches
2026-02-05 16:26:51 DEBUG org.hibernate.SQL - DELETE FROM Players
2026-02-05 16:26:51 DEBUG org.hibernate.SQL - select p1_0.id,p1_0.name from Players p1_0 where p1_0.name in (?,?)
2026-02-05 16:26:51 DEBUG org.hibernate.SQL - insert into Players (name,id) values (?,default)
2026-02-05 16:26:51 DEBUG org.hibernate.SQL - insert into Players (name,id) values (?,default)
2026-02-05 16:26:51 DEBUG org.hibernate.SQL - insert into Matches (first_player,second_player,winner,id) values (?,?,?,default)
2026-02-05 16:26:51 DEBUG org.hibernate.SQL - DELETE FROM Matches
2026-02-05 16:26:51 DEBUG org.hibernate.SQL - DELETE FROM Players
2026-02-05 16:26:51 DEBUG org.hibernate.SQL - select p1_0.id,p1_0.name from Players p1_0 where p1_0.name in (?,?)
2026-02-05 16:26:51 DEBUG org.hibernate.SQL - insert into Players (name,id) values (?,default)
2026-02-05 16:26:51 DEBUG org.hibernate.SQL - insert into Players (name,id) values (?,default)
2026-02-05 16:26:51 DEBUG org.hibernate.SQL - insert into Matches (first_player,second_player,winner,id) values (?,?,?,default)
2026-02-05 16:26:51 DEBUG org.hibernate.SQL - select p1_0.id,p1_0.name from Players p1_0 where p1_0.name in (?,?)
2026-02-05 16:26:51 DEBUG org.hibernate.SQL - insert into Matches (first_player,second_player,winner,id) values (?,?,?,default)
2026-02-05 16:26:51 DEBUG org.hibernate.SQL - DELETE FROM Matches
2026-02-05 16:26:51 DEBUG org.hibernate.SQL - DELETE FROM Players
2026-02-05 17:02:48 INFO  org.hibernate.Version - HHH000412: Hibernate ORM core version 7.0.8.Final
2026-02-05 17:02:48 INFO  org.hibernate.cfg.Environment - HHH000205: Loaded properties from resource hibernate.properties: {hibernate.connection.driver_class=org.h2.Driver, hibernate.hbm2ddl.auto=create, hibernate.dialect=org.hibernate.dialect.H2Dialect, hibernate.connection.password=****, hibernate.connection.username=sa, hibernate.connection.url=jdbc:h2:mem:./data/scoreboard_db;DB_CLOSE_DELAY=-1, hibernate.connection.pool_size=10, hibernate.current_session_context_class=thread}
2026-02-05 17:02:48 WARN  o.hibernate.orm.connections.pooling - HHH10001002: Using built-in connection pool (not intended for production use)
2026-02-05 17:02:48 WARN  org.hibernate.orm.deprecation - HHH90000025: H2Dialect does not need to be specified explicitly using 'hibernate.dialect' (remove the property setting and it will be selected by default)
2026-02-05 17:02:48 INFO  o.hibernate.orm.connections.pooling - HHH10001005: Database info:
	Database JDBC URL [jdbc:h2:mem:./data/scoreboard_db;DB_CLOSE_DELAY=-1]
	Database driver: org.h2.Driver
	Database version: 2.3.232
	Autocommit mode: false
	Isolation level: undefined/unknown
	Pool: DriverManagerConnectionProviderImpl
	Minimum pool size: 1
	Maximum pool size: 10
2026-02-05 17:02:49 DEBUG org.hibernate.SQL - drop table if exists Matches cascade 
2026-02-05 17:02:49 INFO  o.hibernate.orm.connections.access - HHH10001501: Connection obtained from JdbcConnectionAccess [org.hibernate.engine.jdbc.env.internal.JdbcEnvironmentInitiator$ConnectionProviderJdbcConnectionAccess@32b112a1] for (non-JTA) DDL execution was not in auto-commit mode; the Connection 'local transaction' will be committed and the Connection will be set into auto-commit mode.
2026-02-05 17:02:49 DEBUG org.hibernate.SQL - drop table if exists Players cascade 
2026-02-05 17:02:49 DEBUG org.hibernate.SQL - create table Matches (first_player bigint, id BIGINT generated by default as identity, second_player bigint, winner bigint, primary key (id))
2026-02-05 17:02:49 INFO  o.hibernate.orm.connections.access - HHH10001501: Connection obtained from JdbcConnectionAccess [org.hibernate.engine.jdbc.env.internal.JdbcEnvironmentInitiator$ConnectionProviderJdbcConnectionAccess@467af68c] for (non-JTA) DDL execution was not in auto-commit mode; the Connection 'local transaction' will be committed and the Connection will be set into auto-commit mode.
2026-02-05 17:02:49 DEBUG org.hibernate.SQL - create table Players (id bigint generated by default as identity, name VARCHAR not null unique, primary key (id))
2026-02-05 17:02:49 DEBUG org.hibernate.SQL - alter table if exists Matches add constraint FKn85v5k7x6k5ttvm386a04y703 foreign key (first_player) references Players
2026-02-05 17:02:49 DEBUG org.hibernate.SQL - alter table if exists Matches add constraint FKifkkjnajnfuje5l925oq6qqua foreign key (second_player) references Players
2026-02-05 17:02:49 DEBUG org.hibernate.SQL - alter table if exists Matches add constraint FKppea4u7g9w0udc45cclufj64u foreign key (winner) references Players
2026-02-05 17:02:49 DEBUG org.hibernate.SQL - select p1_0.id,p1_0.name from Players p1_0 where p1_0.name in (?,?)
2026-02-05 17:02:49 DEBUG org.hibernate.SQL - insert into Players (name,id) values (?,default)
2026-02-05 17:02:50 DEBUG org.hibernate.SQL - insert into Players (name,id) values (?,default)
2026-02-05 17:02:50 DEBUG org.hibernate.SQL - insert into Matches (first_player,second_player,winner,id) values (?,?,?,default)
2026-02-05 17:02:50 DEBUG org.hibernate.SQL - select p1_0.id,p1_0.name from Players p1_0 where p1_0.name in (?,?)
2026-02-05 17:02:50 DEBUG org.hibernate.SQL - insert into Players (name,id) values (?,default)
2026-02-05 17:02:50 DEBUG org.hibernate.SQL - insert into Matches (first_player,second_player,winner,id) values (?,?,?,default)
2026-02-05 17:02:50 DEBUG org.hibernate.SQL - DELETE FROM Matches
2026-02-05 17:02:50 DEBUG org.hibernate.SQL - DELETE FROM Players
2026-02-05 17:02:50 DEBUG org.hibernate.SQL - select p1_0.id,p1_0.name from Players p1_0 where p1_0.name in (?,?)
2026-02-05 17:02:50 DEBUG org.hibernate.SQL - insert into Players (name,id) values (?,default)
2026-02-05 17:02:50 DEBUG org.hibernate.SQL - insert into Players (name,id) values (?,default)
2026-02-05 17:02:50 DEBUG org.hibernate.SQL - insert into Matches (first_player,second_player,winner,id) values (?,?,?,default)
2026-02-05 17:02:50 DEBUG org.hibernate.SQL - DELETE FROM Matches
2026-02-05 17:02:50 DEBUG org.hibernate.SQL - DELETE FROM Players
2026-02-05 17:02:50 DEBUG org.hibernate.SQL - select p1_0.id,p1_0.name from Players p1_0 where p1_0.name in (?,?)
2026-02-05 17:02:50 DEBUG org.hibernate.SQL - insert into Players (name,id) values (?,default)
2026-02-05 17:02:50 DEBUG org.hibernate.SQL - insert into Players (name,id) values (?,default)
2026-02-05 17:02:50 DEBUG org.hibernate.SQL - insert into Matches (first_player,second_player,winner,id) values (?,?,?,default)
2026-02-05 17:02:50 DEBUG org.hibernate.SQL - select p1_0.id,p1_0.name from Players p1_0 where p1_0.name in (?,?)
2026-02-05 17:02:50 DEBUG org.hibernate.SQL - insert into Matches (first_player,second_player,winner,id) values (?,?,?,default)
2026-02-05 17:02:50 DEBUG org.hibernate.SQL - DELETE FROM Matches
2026-02-05 17:02:50 DEBUG org.hibernate.SQL - DELETE FROM Players
2026-02-05 17:07:06 INFO  org.hibernate.Version - HHH000412: Hibernate ORM core version 7.0.8.Final
2026-02-05 17:07:06 INFO  org.hibernate.cfg.Environment - HHH000205: Loaded properties from resource hibernate.properties: {hibernate.connection.driver_class=org.h2.Driver, hibernate.hbm2ddl.auto=create, hibernate.dialect=org.hibernate.dialect.H2Dialect, hibernate.connection.password=****, hibernate.connection.username=sa, hibernate.connection.url=jdbc:h2:mem:./data/scoreboard_db;DB_CLOSE_DELAY=-1, hibernate.connection.pool_size=10, hibernate.current_session_context_class=thread}
2026-02-05 17:07:07 WARN  o.hibernate.orm.connections.pooling - HHH10001002: Using built-in connection pool (not intended for production use)
2026-02-05 17:07:07 WARN  org.hibernate.orm.deprecation - HHH90000025: H2Dialect does not need to be specified explicitly using 'hibernate.dialect' (remove the property setting and it will be selected by default)
2026-02-05 17:07:07 INFO  o.hibernate.orm.connections.pooling - HHH10001005: Database info:
	Database JDBC URL [jdbc:h2:mem:./data/scoreboard_db;DB_CLOSE_DELAY=-1]
	Database driver: org.h2.Driver
	Database version: 2.3.232
	Autocommit mode: false
	Isolation level: undefined/unknown
	Pool: DriverManagerConnectionProviderImpl
	Minimum pool size: 1
	Maximum pool size: 10
2026-02-05 17:07:08 DEBUG org.hibernate.SQL - drop table if exists Matches cascade 
2026-02-05 17:07:08 INFO  o.hibernate.orm.connections.access - HHH10001501: Connection obtained from JdbcConnectionAccess [org.hibernate.engine.jdbc.env.internal.JdbcEnvironmentInitiator$ConnectionProviderJdbcConnectionAccess@32b112a1] for (non-JTA) DDL execution was not in auto-commit mode; the Connection 'local transaction' will be committed and the Connection will be set into auto-commit mode.
2026-02-05 17:07:08 DEBUG org.hibernate.SQL - drop table if exists Players cascade 
2026-02-05 17:07:08 DEBUG org.hibernate.SQL - create table Matches (first_player bigint, id BIGINT generated by default as identity, second_player bigint, winner bigint, primary key (id))
2026-02-05 17:07:08 INFO  o.hibernate.orm.connections.access - HHH10001501: Connection obtained from JdbcConnectionAccess [org.hibernate.engine.jdbc.env.internal.JdbcEnvironmentInitiator$ConnectionProviderJdbcConnectionAccess@467af68c] for (non-JTA) DDL execution was not in auto-commit mode; the Connection 'local transaction' will be committed and the Connection will be set into auto-commit mode.
2026-02-05 17:07:08 DEBUG org.hibernate.SQL - create table Players (id bigint generated by default as identity, name VARCHAR not null unique, primary key (id))
2026-02-05 17:07:08 DEBUG org.hibernate.SQL - alter table if exists Matches add constraint FKn85v5k7x6k5ttvm386a04y703 foreign key (first_player) references Players
2026-02-05 17:07:08 DEBUG org.hibernate.SQL - alter table if exists Matches add constraint FKifkkjnajnfuje5l925oq6qqua foreign key (second_player) references Players
2026-02-05 17:07:08 DEBUG org.hibernate.SQL - alter table if exists Matches add constraint FKppea4u7g9w0udc45cclufj64u foreign key (winner) references Players
2026-02-05 17:07:08 DEBUG org.hibernate.SQL - select p1_0.id,p1_0.name from Players p1_0 where p1_0.name in (?,?)
2026-02-05 17:07:08 DEBUG org.hibernate.SQL - insert into Players (name,id) values (?,default)
2026-02-05 17:07:08 DEBUG org.hibernate.SQL - insert into Players (name,id) values (?,default)
2026-02-05 17:07:08 DEBUG org.hibernate.SQL - insert into Matches (first_player,second_player,winner,id) values (?,?,?,default)
2026-02-05 17:07:08 DEBUG org.hibernate.SQL - select p1_0.id,p1_0.name from Players p1_0 where p1_0.name in (?,?)
2026-02-05 17:07:08 DEBUG org.hibernate.SQL - insert into Players (name,id) values (?,default)
2026-02-05 17:07:08 DEBUG org.hibernate.SQL - insert into Matches (first_player,second_player,winner,id) values (?,?,?,default)
2026-02-05 17:07:08 DEBUG org.hibernate.SQL - DELETE FROM Matches
2026-02-05 17:07:08 DEBUG org.hibernate.SQL - DELETE FROM Players
2026-02-05 17:07:08 DEBUG org.hibernate.SQL - select p1_0.id,p1_0.name from Players p1_0 where p1_0.name in (?,?)
2026-02-05 17:07:08 DEBUG org.hibernate.SQL - insert into Players (name,id) values (?,default)
2026-02-05 17:07:08 DEBUG org.hibernate.SQL - insert into Players (name,id) values (?,default)
2026-02-05 17:07:08 DEBUG org.hibernate.SQL - insert into Matches (first_player,second_player,winner,id) values (?,?,?,default)
2026-02-05 17:07:08 DEBUG org.hibernate.SQL - DELETE FROM Matches
2026-02-05 17:07:08 DEBUG org.hibernate.SQL - DELETE FROM Players
2026-02-05 17:07:08 DEBUG org.hibernate.SQL - select p1_0.id,p1_0.name from Players p1_0 where p1_0.name in (?,?)
2026-02-05 17:07:08 DEBUG org.hibernate.SQL - insert into Players (name,id) values (?,default)
2026-02-05 17:07:08 DEBUG org.hibernate.SQL - insert into Players (name,id) values (?,default)
2026-02-05 17:07:08 DEBUG org.hibernate.SQL - insert into Matches (first_player,second_player,winner,id) values (?,?,?,default)
2026-02-05 17:07:08 DEBUG org.hibernate.SQL - select p1_0.id,p1_0.name from Players p1_0 where p1_0.name in (?,?)
2026-02-05 17:07:08 DEBUG org.hibernate.SQL - insert into Matches (first_player,second_player,winner,id) values (?,?,?,default)
2026-02-05 17:07:08 DEBUG org.hibernate.SQL - DELETE FROM Matches
2026-02-05 17:07:08 DEBUG org.hibernate.SQL - DELETE FROM Players
2026-02-05 17:12:29 INFO  org.hibernate.Version - HHH000412: Hibernate ORM core version 7.0.8.Final
2026-02-05 17:12:29 INFO  org.hibernate.cfg.Environment - HHH000205: Loaded properties from resource hibernate.properties: {hibernate.connection.driver_class=org.h2.Driver, hibernate.hbm2ddl.auto=create, hibernate.dialect=org.hibernate.dialect.H2Dialect, hibernate.connection.password=****, hibernate.connection.username=sa, hibernate.connection.url=jdbc:h2:mem:./data/scoreboard_db;DB_CLOSE_DELAY=-1, hibernate.connection.pool_size=10, hibernate.current_session_context_class=thread}
2026-02-05 17:12:29 WARN  o.hibernate.orm.connections.pooling - HHH10001002: Using built-in connection pool (not intended for production use)
2026-02-05 17:12:29 WARN  org.hibernate.orm.deprecation - HHH90000025: H2Dialect does not need to be specified explicitly using 'hibernate.dialect' (remove the property setting and it will be selected by default)
2026-02-05 17:12:29 INFO  o.hibernate.orm.connections.pooling - HHH10001005: Database info:
	Database JDBC URL [jdbc:h2:mem:./data/scoreboard_db;DB_CLOSE_DELAY=-1]
	Database driver: org.h2.Driver
	Database version: 2.3.232
	Autocommit mode: false
	Isolation level: undefined/unknown
	Pool: DriverManagerConnectionProviderImpl
	Minimum pool size: 1
	Maximum pool size: 10
2026-02-05 17:12:30 DEBUG org.hibernate.SQL - drop table if exists Matches cascade 
2026-02-05 17:12:30 INFO  o.hibernate.orm.connections.access - HHH10001501: Connection obtained from JdbcConnectionAccess [org.hibernate.engine.jdbc.env.internal.JdbcEnvironmentInitiator$ConnectionProviderJdbcConnectionAccess@32b112a1] for (non-JTA) DDL execution was not in auto-commit mode; the Connection 'local transaction' will be committed and the Connection will be set into auto-commit mode.
2026-02-05 17:12:30 DEBUG org.hibernate.SQL - drop table if exists Players cascade 
2026-02-05 17:12:30 DEBUG org.hibernate.SQL - create table Matches (first_player bigint, id BIGINT generated by default as identity, second_player bigint, winner bigint, primary key (id))
2026-02-05 17:12:30 INFO  o.hibernate.orm.connections.access - HHH10001501: Connection obtained from JdbcConnectionAccess [org.hibernate.engine.jdbc.env.internal.JdbcEnvironmentInitiator$ConnectionProviderJdbcConnectionAccess@467af68c] for (non-JTA) DDL execution was not in auto-commit mode; the Connection 'local transaction' will be committed and the Connection will be set into auto-commit mode.
2026-02-05 17:12:30 DEBUG org.hibernate.SQL - create table Players (id bigint generated by default as identity, name VARCHAR not null unique, primary key (id))
2026-02-05 17:12:30 DEBUG org.hibernate.SQL - alter table if exists Matches add constraint FKn85v5k7x6k5ttvm386a04y703 foreign key (first_player) references Players
2026-02-05 17:12:30 DEBUG org.hibernate.SQL - alter table if exists Matches add constraint FKifkkjnajnfuje5l925oq6qqua foreign key (second_player) references Players
2026-02-05 17:12:30 DEBUG org.hibernate.SQL - alter table if exists Matches add constraint FKppea4u7g9w0udc45cclufj64u foreign key (winner) references Players
2026-02-05 17:12:30 DEBUG org.hibernate.SQL - select p1_0.id,p1_0.name from Players p1_0 where p1_0.name in (?,?)
2026-02-05 17:12:30 DEBUG org.hibernate.SQL - insert into Players (name,id) values (?,default)
2026-02-05 17:12:30 DEBUG org.hibernate.SQL - insert into Players (name,id) values (?,default)
2026-02-05 17:12:30 DEBUG org.hibernate.SQL - insert into Matches (first_player,second_player,winner,id) values (?,?,?,default)
2026-02-05 17:12:30 DEBUG org.hibernate.SQL - select p1_0.id,p1_0.name from Players p1_0 where p1_0.name in (?,?)
2026-02-05 17:12:30 DEBUG org.hibernate.SQL - insert into Players (name,id) values (?,default)
2026-02-05 17:12:30 DEBUG org.hibernate.SQL - insert into Matches (first_player,second_player,winner,id) values (?,?,?,default)
2026-02-05 17:12:30 DEBUG org.hibernate.SQL - DELETE FROM Matches
2026-02-05 17:12:30 DEBUG org.hibernate.SQL - DELETE FROM Players
2026-02-05 17:12:30 DEBUG org.hibernate.SQL - select p1_0.id,p1_0.name from Players p1_0 where p1_0.name in (?,?)
2026-02-05 17:12:30 DEBUG org.hibernate.SQL - insert into Players (name,id) values (?,default)
2026-02-05 17:12:30 DEBUG org.hibernate.SQL - insert into Players (name,id) values (?,default)
2026-02-05 17:12:30 DEBUG org.hibernate.SQL - insert into Matches (first_player,second_player,winner,id) values (?,?,?,default)
2026-02-05 17:12:30 DEBUG org.hibernate.SQL - DELETE FROM Matches
2026-02-05 17:12:30 DEBUG org.hibernate.SQL - DELETE FROM Players
2026-02-05 17:12:30 DEBUG org.hibernate.SQL - select p1_0.id,p1_0.name from Players p1_0 where p1_0.name in (?,?)
2026-02-05 17:12:30 DEBUG org.hibernate.SQL - insert into Players (name,id) values (?,default)
2026-02-05 17:12:30 DEBUG org.hibernate.SQL - insert into Players (name,id) values (?,default)
2026-02-05 17:12:30 DEBUG org.hibernate.SQL - insert into Matches (first_player,second_player,winner,id) values (?,?,?,default)
2026-02-05 17:12:30 DEBUG org.hibernate.SQL - select p1_0.id,p1_0.name from Players p1_0 where p1_0.name in (?,?)
2026-02-05 17:12:30 DEBUG org.hibernate.SQL - insert into Matches (first_player,second_player,winner,id) values (?,?,?,default)
2026-02-05 17:12:30 DEBUG org.hibernate.SQL - DELETE FROM Matches
2026-02-05 17:12:30 DEBUG org.hibernate.SQL - DELETE FROM Players
2026-02-05 17:27:28 INFO  org.hibernate.Version - HHH000412: Hibernate ORM core version 7.0.8.Final
2026-02-05 17:27:28 INFO  org.hibernate.cfg.Environment - HHH000205: Loaded properties from resource hibernate.properties: {hibernate.connection.driver_class=org.h2.Driver, hibernate.hbm2ddl.auto=create, hibernate.dialect=org.hibernate.dialect.H2Dialect, hibernate.connection.password=****, hibernate.connection.username=sa, hibernate.connection.url=jdbc:h2:mem:./data/scoreboard_db;DB_CLOSE_DELAY=-1, hibernate.connection.pool_size=10, hibernate.current_session_context_class=thread}
2026-02-05 17:27:28 WARN  o.hibernate.orm.connections.pooling - HHH10001002: Using built-in connection pool (not intended for production use)
2026-02-05 17:27:28 WARN  org.hibernate.orm.deprecation - HHH90000025: H2Dialect does not need to be specified explicitly using 'hibernate.dialect' (remove the property setting and it will be selected by default)
2026-02-05 17:27:28 INFO  o.hibernate.orm.connections.pooling - HHH10001005: Database info:
	Database JDBC URL [jdbc:h2:mem:./data/scoreboard_db;DB_CLOSE_DELAY=-1]
	Database driver: org.h2.Driver
	Database version: 2.3.232
	Autocommit mode: false
	Isolation level: undefined/unknown
	Pool: DriverManagerConnectionProviderImpl
	Minimum pool size: 1
	Maximum pool size: 10
2026-02-05 17:27:29 DEBUG org.hibernate.SQL - drop table if exists Matches cascade 
2026-02-05 17:27:29 INFO  o.hibernate.orm.connections.access - HHH10001501: Connection obtained from JdbcConnectionAccess [org.hibernate.engine.jdbc.env.internal.JdbcEnvironmentInitiator$ConnectionProviderJdbcConnectionAccess@32b112a1] for (non-JTA) DDL execution was not in auto-commit mode; the Connection 'local transaction' will be committed and the Connection will be set into auto-commit mode.
2026-02-05 17:27:29 DEBUG org.hibernate.SQL - drop table if exists Players cascade 
2026-02-05 17:27:29 DEBUG org.hibernate.SQL - create table Matches (first_player bigint, id BIGINT generated by default as identity, second_player bigint, winner bigint, primary key (id))
2026-02-05 17:27:29 INFO  o.hibernate.orm.connections.access - HHH10001501: Connection obtained from JdbcConnectionAccess [org.hibernate.engine.jdbc.env.internal.JdbcEnvironmentInitiator$ConnectionProviderJdbcConnectionAccess@467af68c] for (non-JTA) DDL execution was not in auto-commit mode; the Connection 'local transaction' will be committed and the Connection will be set into auto-commit mode.
2026-02-05 17:27:29 DEBUG org.hibernate.SQL - create table Players (id bigint generated by default as identity, name VARCHAR not null unique, primary key (id))
2026-02-05 17:27:29 DEBUG org.hibernate.SQL - alter table if exists Matches add constraint FKn85v5k7x6k5ttvm386a04y703 foreign key (first_player) references Players
2026-02-05 17:27:29 DEBUG org.hibernate.SQL - alter table if exists Matches add constraint FKifkkjnajnfuje5l925oq6qqua foreign key (second_player) references Players
2026-02-05 17:27:29 DEBUG org.hibernate.SQL - alter table if exists Matches add constraint FKppea4u7g9w0udc45cclufj64u foreign key (winner) references Players
2026-02-05 17:27:29 DEBUG org.hibernate.SQL - select p1_0.id,p1_0.name from Players p1_0 where p1_0.name in (?,?)
2026-02-05 17:27:29 DEBUG org.hibernate.SQL - insert into Players (name,id) values (?,default)
2026-02-05 17:27:29 DEBUG org.hibernate.SQL - insert into Players (name,id) values (?,default)
2026-02-05 17:27:29 DEBUG org.hibernate.SQL - insert into Matches (first_player,second_player,winner,id) values (?,?,?,default)
2026-02-05 17:27:29 DEBUG org.hibernate.SQL - select p1_0.id,p1_0.name from Players p1_0 where p1_0.name in (?,?)
2026-02-05 17:27:29 DEBUG org.hibernate.SQL - insert into Players (name,id) values (?,default)
2026-02-05 17:27:29 DEBUG org.hibernate.SQL - insert into Matches (first_player,second_player,winner,id) values (?,?,?,default)
2026-02-05 17:27:29 DEBUG org.hibernate.SQL - DELETE FROM Matches
2026-02-05 17:27:29 DEBUG org.hibernate.SQL - DELETE FROM Players
2026-02-05 17:27:29 DEBUG org.hibernate.SQL - select p1_0.id,p1_0.name from Players p1_0 where p1_0.name in (?,?)
2026-02-05 17:27:29 DEBUG org.hibernate.SQL - insert into Players (name,id) values (?,default)
2026-02-05 17:27:29 DEBUG org.hibernate.SQL - insert into Players (name,id) values (?,default)
2026-02-05 17:27:29 DEBUG org.hibernate.SQL - insert into Matches (first_player,second_player,winner,id) values (?,?,?,default)
2026-02-05 17:27:29 DEBUG org.hibernate.SQL - DELETE FROM Matches
2026-02-05 17:27:29 DEBUG org.hibernate.SQL - DELETE FROM Players
2026-02-05 17:27:29 DEBUG org.hibernate.SQL - select p1_0.id,p1_0.name from Players p1_0 where p1_0.name in (?,?)
2026-02-05 17:27:29 DEBUG org.hibernate.SQL - insert into Players (name,id) values (?,default)
2026-02-05 17:27:29 DEBUG org.hibernate.SQL - insert into Players (name,id) values (?,default)
2026-02-05 17:27:29 DEBUG org.hibernate.SQL - insert into Matches (first_player,second_player,winner,id) values (?,?,?,default)
2026-02-05 17:27:29 DEBUG org.hibernate.SQL - select p1_0.id,p1_0.name from Players p1_0 where p1_0.name in (?,?)
2026-02-05 17:27:29 DEBUG org.hibernate.SQL - insert into Matches (first_player,second_player,winner,id) values (?,?,?,default)
2026-02-05 17:27:29 DEBUG org.hibernate.SQL - DELETE FROM Matches
2026-02-05 17:27:29 DEBUG org.hibernate.SQL - DELETE FROM Players
2026-02-05 17:43:46 INFO  org.hibernate.Version - HHH000412: Hibernate ORM core version 7.0.8.Final
2026-02-05 17:43:46 INFO  org.hibernate.cfg.Environment - HHH000205: Loaded properties from resource hibernate.properties: {hibernate.connection.driver_class=org.h2.Driver, hibernate.hbm2ddl.auto=create, hibernate.dialect=org.hibernate.dialect.H2Dialect, hibernate.connection.password=****, hibernate.connection.username=sa, hibernate.connection.url=jdbc:h2:mem:./data/scoreboard_db;DB_CLOSE_DELAY=-1, hibernate.connection.pool_size=10, hibernate.current_session_context_class=thread}
2026-02-05 17:43:47 WARN  o.hibernate.orm.connections.pooling - HHH10001002: Using built-in connection pool (not intended for production use)
2026-02-05 17:43:47 WARN  org.hibernate.orm.deprecation - HHH90000025: H2Dialect does not need to be specified explicitly using 'hibernate.dialect' (remove the property setting and it will be selected by default)
2026-02-05 17:43:47 INFO  o.hibernate.orm.connections.pooling - HHH10001005: Database info:
	Database JDBC URL [jdbc:h2:mem:./data/scoreboard_db;DB_CLOSE_DELAY=-1]
	Database driver: org.h2.Driver
	Database version: 2.3.232
	Autocommit mode: false
	Isolation level: undefined/unknown
	Pool: DriverManagerConnectionProviderImpl
	Minimum pool size: 1
	Maximum pool size: 10
2026-02-05 17:43:48 DEBUG org.hibernate.SQL - drop table if exists Matches cascade 
2026-02-05 17:43:48 INFO  o.hibernate.orm.connections.access - HHH10001501: Connection obtained from JdbcConnectionAccess [org.hibernate.engine.jdbc.env.internal.JdbcEnvironmentInitiator$ConnectionProviderJdbcConnectionAccess@32b112a1] for (non-JTA) DDL execution was not in auto-commit mode; the Connection 'local transaction' will be committed and the Connection will be set into auto-commit mode.
2026-02-05 17:43:48 DEBUG org.hibernate.SQL - drop table if exists Players cascade 
2026-02-05 17:43:48 DEBUG org.hibernate.SQL - create table Matches (first_player bigint, id BIGINT generated by default as identity, second_player bigint, winner bigint, primary key (id))
2026-02-05 17:43:48 INFO  o.hibernate.orm.connections.access - HHH10001501: Connection obtained from JdbcConnectionAccess [org.hibernate.engine.jdbc.env.internal.JdbcEnvironmentInitiator$ConnectionProviderJdbcConnectionAccess@467af68c] for (non-JTA) DDL execution was not in auto-commit mode; the Connection 'local transaction' will be committed and the Connection will be set into auto-commit mode.
2026-02-05 17:43:48 DEBUG org.hibernate.SQL - create table Players (id bigint generated by default as identity, name VARCHAR not null unique, primary key (id))
2026-02-05 17:43:48 DEBUG org.hibernate.SQL - alter table if exists Matches add constraint FKn85v5k7x6k5ttvm386a04y703 foreign key (first_player) references Players
2026-02-05 17:43:48 DEBUG org.hibernate.SQL - alter table if exists Matches add constraint FKifkkjnajnfuje5l925oq6qqua foreign key (second_player) references Players
2026-02-05 17:43:48 DEBUG org.hibernate.SQL - alter table if exists Matches add constraint FKppea4u7g9w0udc45cclufj64u foreign key (winner) references Players
2026-02-05 17:43:48 DEBUG org.hibernate.SQL - select p1_0.id,p1_0.name from Players p1_0 where p1_0.name in (?,?)
2026-02-05 17:43:48 DEBUG org.hibernate.SQL - insert into Players (name,id) values (?,default)
2026-02-05 17:43:48 DEBUG org.hibernate.SQL - insert into Players (name,id) values (?,default)
2026-02-05 17:43:48 DEBUG org.hibernate.SQL - insert into Matches (first_player,second_player,winner,id) values (?,?,?,default)
2026-02-05 17:43:48 DEBUG org.hibernate.SQL - select p1_0.id,p1_0.name from Players p1_0 where p1_0.name in (?,?)
2026-02-05 17:43:48 DEBUG org.hibernate.SQL - insert into Players (name,id) values (?,default)
2026-02-05 17:43:48 DEBUG org.hibernate.SQL - insert into Matches (first_player,second_player,winner,id) values (?,?,?,default)
2026-02-05 17:43:48 DEBUG org.hibernate.SQL - DELETE FROM Matches
2026-02-05 17:43:48 DEBUG org.hibernate.SQL - DELETE FROM Players
2026-02-05 17:43:48 DEBUG org.hibernate.SQL - select p1_0.id,p1_0.name from Players p1_0 where p1_0.name in (?,?)
2026-02-05 17:43:48 DEBUG org.hibernate.SQL - insert into Players (name,id) values (?,default)
2026-02-05 17:43:48 DEBUG org.hibernate.SQL - insert into Players (name,id) values (?,default)
2026-02-05 17:43:48 DEBUG org.hibernate.SQL - insert into Matches (first_player,second_player,winner,id) values (?,?,?,default)
2026-02-05 17:43:48 DEBUG org.hibernate.SQL - DELETE FROM Matches
2026-02-05 17:43:48 DEBUG org.hibernate.SQL - DELETE FROM Players
2026-02-05 17:43:48 DEBUG org.hibernate.SQL - select p1_0.id,p1_0.name from Players p1_0 where p1_0.name in (?,?)
2026-02-05 17:43:48 DEBUG org.hibernate.SQL - insert into Players (name,id) values (?,default)
2026-02-05 17:43:48 DEBUG org.hibernate.SQL - insert into Players (name,id) values (?,default)
2026-02-05 17:43:48 DEBUG org.hibernate.SQL - insert into Matches (first_player,second_player,winner,id) values (?,?,?,default)
2026-02-05 17:43:48 DEBUG org.hibernate.SQL - select p1_0.id,p1_0.name from Players p1_0 where p1_0.name in (?,?)
2026-02-05 17:43:48 DEBUG org.hibernate.SQL - insert into Matches (first_player,second_player,winner,id) values (?,?,?,default)
2026-02-05 17:43:48 DEBUG org.hibernate.SQL - DELETE FROM Matches
2026-02-05 17:43:48 DEBUG org.hibernate.SQL - DELETE FROM Players
2026-02-05 17:47:43 INFO  org.hibernate.Version - HHH000412: Hibernate ORM core version 7.0.8.Final
2026-02-05 17:47:43 INFO  org.hibernate.cfg.Environment - HHH000205: Loaded properties from resource hibernate.properties: {hibernate.connection.driver_class=org.h2.Driver, hibernate.hbm2ddl.auto=create, hibernate.dialect=org.hibernate.dialect.H2Dialect, hibernate.connection.password=****, hibernate.connection.username=sa, hibernate.connection.url=jdbc:h2:mem:./data/scoreboard_db;DB_CLOSE_DELAY=-1, hibernate.connection.pool_size=10, hibernate.current_session_context_class=thread}
2026-02-05 17:47:44 WARN  o.hibernate.orm.connections.pooling - HHH10001002: Using built-in connection pool (not intended for production use)
2026-02-05 17:47:44 WARN  org.hibernate.orm.deprecation - HHH90000025: H2Dialect does not need to be specified explicitly using 'hibernate.dialect' (remove the property setting and it will be selected by default)
2026-02-05 17:47:44 INFO  o.hibernate.orm.connections.pooling - HHH10001005: Database info:
	Database JDBC URL [jdbc:h2:mem:./data/scoreboard_db;DB_CLOSE_DELAY=-1]
	Database driver: org.h2.Driver
	Database version: 2.3.232
	Autocommit mode: false
	Isolation level: undefined/unknown
	Pool: DriverManagerConnectionProviderImpl
	Minimum pool size: 1
	Maximum pool size: 10
2026-02-05 17:47:45 DEBUG org.hibernate.SQL - drop table if exists Matches cascade 
2026-02-05 17:47:45 INFO  o.hibernate.orm.connections.access - HHH10001501: Connection obtained from JdbcConnectionAccess [org.hibernate.engine.jdbc.env.internal.JdbcEnvironmentInitiator$ConnectionProviderJdbcConnectionAccess@2b936b04] for (non-JTA) DDL execution was not in auto-commit mode; the Connection 'local transaction' will be committed and the Connection will be set into auto-commit mode.
2026-02-05 17:47:45 DEBUG org.hibernate.SQL - drop table if exists Players cascade 
2026-02-05 17:47:45 DEBUG org.hibernate.SQL - create table Matches (first_player bigint, id BIGINT generated by default as identity, second_player bigint, winner bigint, primary key (id))
2026-02-05 17:47:45 INFO  o.hibernate.orm.connections.access - HHH10001501: Connection obtained from JdbcConnectionAccess [org.hibernate.engine.jdbc.env.internal.JdbcEnvironmentInitiator$ConnectionProviderJdbcConnectionAccess@2e1add6f] for (non-JTA) DDL execution was not in auto-commit mode; the Connection 'local transaction' will be committed and the Connection will be set into auto-commit mode.
2026-02-05 17:47:45 DEBUG org.hibernate.SQL - create table Players (id bigint generated by default as identity, name VARCHAR not null unique, primary key (id))
2026-02-05 17:47:45 DEBUG org.hibernate.SQL - alter table if exists Matches add constraint FKn85v5k7x6k5ttvm386a04y703 foreign key (first_player) references Players
2026-02-05 17:47:45 DEBUG org.hibernate.SQL - alter table if exists Matches add constraint FKifkkjnajnfuje5l925oq6qqua foreign key (second_player) references Players
2026-02-05 17:47:45 DEBUG org.hibernate.SQL - alter table if exists Matches add constraint FKppea4u7g9w0udc45cclufj64u foreign key (winner) references Players
2026-02-05 17:47:45 DEBUG org.hibernate.SQL - select p1_0.id,p1_0.name from Players p1_0 where p1_0.name in (?,?)
2026-02-05 17:47:45 DEBUG org.hibernate.SQL - insert into Players (name,id) values (?,default)
2026-02-05 17:47:45 DEBUG org.hibernate.SQL - insert into Players (name,id) values (?,default)
2026-02-05 17:47:45 DEBUG org.hibernate.SQL - insert into Matches (first_player,second_player,winner,id) values (?,?,?,default)
2026-02-05 17:47:45 DEBUG org.hibernate.SQL - select p1_0.id,p1_0.name from Players p1_0 where p1_0.name in (?,?)
2026-02-05 17:47:45 DEBUG org.hibernate.SQL - insert into Players (name,id) values (?,default)
2026-02-05 17:47:45 DEBUG org.hibernate.SQL - insert into Matches (first_player,second_player,winner,id) values (?,?,?,default)
2026-02-05 17:47:45 DEBUG org.hibernate.SQL - DELETE FROM Matches
2026-02-05 17:47:45 DEBUG org.hibernate.SQL - DELETE FROM Players
2026-02-05 17:47:45 DEBUG org.hibernate.SQL - select p1_0.id,p1_0.name from Players p1_0 where p1_0.name in (?,?)
2026-02-05 17:47:45 DEBUG org.hibernate.SQL - insert into Players (name,id) values (?,default)
2026-02-05 17:47:45 DEBUG org.hibernate.SQL - insert into Players (name,id) values (?,default)
2026-02-05 17:47:45 DEBUG org.hibernate.SQL - insert into Matches (first_player,second_player,winner,id) values (?,?,?,default)
2026-02-05 17:47:45 DEBUG org.hibernate.SQL - DELETE FROM Matches
2026-02-05 17:47:45 DEBUG org.hibernate.SQL - DELETE FROM Players
2026-02-05 17:47:45 DEBUG org.hibernate.SQL - select p1_0.id,p1_0.name from Players p1_0 where p1_0.name in (?,?)
2026-02-05 17:47:45 DEBUG org.hibernate.SQL - insert into Players (name,id) values (?,default)
2026-02-05 17:47:45 DEBUG org.hibernate.SQL - insert into Players (name,id) values (?,default)
2026-02-05 17:47:45 DEBUG org.hibernate.SQL - insert into Matches (first_player,second_player,winner,id) values (?,?,?,default)
2026-02-05 17:47:45 DEBUG org.hibernate.SQL - select p1_0.id,p1_0.name from Players p1_0 where p1_0.name in (?,?)
2026-02-05 17:47:45 DEBUG org.hibernate.SQL - insert into Matches (first_player,second_player,winner,id) values (?,?,?,default)
2026-02-05 17:47:45 DEBUG org.hibernate.SQL - DELETE FROM Matches
2026-02-05 17:47:45 DEBUG org.hibernate.SQL - DELETE FROM Players
2026-02-05 18:10:42 INFO  org.hibernate.Version - HHH000412: Hibernate ORM core version 7.0.8.Final
2026-02-05 18:10:42 INFO  org.hibernate.cfg.Environment - HHH000205: Loaded properties from resource hibernate.properties: {hibernate.connection.driver_class=org.h2.Driver, hibernate.hbm2ddl.auto=create, hibernate.dialect=org.hibernate.dialect.H2Dialect, hibernate.connection.password=****, hibernate.connection.username=sa, hibernate.connection.url=jdbc:h2:mem:./data/scoreboard_db;DB_CLOSE_DELAY=-1, hibernate.connection.pool_size=10, hibernate.current_session_context_class=thread}
2026-02-05 18:10:42 WARN  o.hibernate.orm.connections.pooling - HHH10001002: Using built-in connection pool (not intended for production use)
2026-02-05 18:10:42 WARN  org.hibernate.orm.deprecation - HHH90000025: H2Dialect does not need to be specified explicitly using 'hibernate.dialect' (remove the property setting and it will be selected by default)
2026-02-05 18:10:42 INFO  o.hibernate.orm.connections.pooling - HHH10001005: Database info:
	Database JDBC URL [jdbc:h2:mem:./data/scoreboard_db;DB_CLOSE_DELAY=-1]
	Database driver: org.h2.Driver
	Database version: 2.3.232
	Autocommit mode: false
	Isolation level: undefined/unknown
	Pool: DriverManagerConnectionProviderImpl
	Minimum pool size: 1
	Maximum pool size: 10
2026-02-05 18:10:43 DEBUG org.hibernate.SQL - drop table if exists Matches cascade 
2026-02-05 18:10:43 INFO  o.hibernate.orm.connections.access - HHH10001501: Connection obtained from JdbcConnectionAccess [org.hibernate.engine.jdbc.env.internal.JdbcEnvironmentInitiator$ConnectionProviderJdbcConnectionAccess@32b112a1] for (non-JTA) DDL execution was not in auto-commit mode; the Connection 'local transaction' will be committed and the Connection will be set into auto-commit mode.
2026-02-05 18:10:43 DEBUG org.hibernate.SQL - drop table if exists Players cascade 
2026-02-05 18:10:43 DEBUG org.hibernate.SQL - create table Matches (first_player bigint, id BIGINT generated by default as identity, second_player bigint, winner bigint, primary key (id))
2026-02-05 18:10:43 INFO  o.hibernate.orm.connections.access - HHH10001501: Connection obtained from JdbcConnectionAccess [org.hibernate.engine.jdbc.env.internal.JdbcEnvironmentInitiator$ConnectionProviderJdbcConnectionAccess@467af68c] for (non-JTA) DDL execution was not in auto-commit mode; the Connection 'local transaction' will be committed and the Connection will be set into auto-commit mode.
2026-02-05 18:10:43 DEBUG org.hibernate.SQL - create table Players (id bigint generated by default as identity, name VARCHAR not null unique, primary key (id))
2026-02-05 18:10:43 DEBUG org.hibernate.SQL - alter table if exists Matches add constraint FKn85v5k7x6k5ttvm386a04y703 foreign key (first_player) references Players
2026-02-05 18:10:43 DEBUG org.hibernate.SQL - alter table if exists Matches add constraint FKifkkjnajnfuje5l925oq6qqua foreign key (second_player) references Players
2026-02-05 18:10:43 DEBUG org.hibernate.SQL - alter table if exists Matches add constraint FKppea4u7g9w0udc45cclufj64u foreign key (winner) references Players
2026-02-05 18:10:43 DEBUG org.hibernate.SQL - select p1_0.id,p1_0.name from Players p1_0 where p1_0.name in (?,?)
2026-02-05 18:10:44 DEBUG org.hibernate.SQL - insert into Players (name,id) values (?,default)
2026-02-05 18:10:44 DEBUG org.hibernate.SQL - insert into Players (name,id) values (?,default)
2026-02-05 18:10:44 DEBUG org.hibernate.SQL - insert into Matches (first_player,second_player,winner,id) values (?,?,?,default)
2026-02-05 18:10:44 DEBUG org.hibernate.SQL - select p1_0.id,p1_0.name from Players p1_0 where p1_0.name in (?,?)
2026-02-05 18:10:44 DEBUG org.hibernate.SQL - insert into Players (name,id) values (?,default)
2026-02-05 18:10:44 DEBUG org.hibernate.SQL - insert into Matches (first_player,second_player,winner,id) values (?,?,?,default)
2026-02-05 18:10:44 DEBUG org.hibernate.SQL - DELETE FROM Matches
2026-02-05 18:10:44 DEBUG org.hibernate.SQL - DELETE FROM Players
2026-02-05 18:10:44 DEBUG org.hibernate.SQL - select p1_0.id,p1_0.name from Players p1_0 where p1_0.name in (?,?)
2026-02-05 18:10:44 DEBUG org.hibernate.SQL - insert into Players (name,id) values (?,default)
2026-02-05 18:10:44 DEBUG org.hibernate.SQL - insert into Players (name,id) values (?,default)
2026-02-05 18:10:44 DEBUG org.hibernate.SQL - insert into Matches (first_player,second_player,winner,id) values (?,?,?,default)
2026-02-05 18:10:44 DEBUG org.hibernate.SQL - DELETE FROM Matches
2026-02-05 18:10:44 DEBUG org.hibernate.SQL - DELETE FROM Players
2026-02-05 18:10:44 DEBUG org.hibernate.SQL - select p1_0.id,p1_0.name from Players p1_0 where p1_0.name in (?,?)
2026-02-05 18:10:44 DEBUG org.hibernate.SQL - insert into Players (name,id) values (?,default)
2026-02-05 18:10:44 DEBUG org.hibernate.SQL - insert into Players (name,id) values (?,default)
2026-02-05 18:10:44 DEBUG org.hibernate.SQL - insert into Matches (first_player,second_player,winner,id) values (?,?,?,default)
2026-02-05 18:10:44 DEBUG org.hibernate.SQL - select p1_0.id,p1_0.name from Players p1_0 where p1_0.name in (?,?)
2026-02-05 18:10:44 DEBUG org.hibernate.SQL - insert into Matches (first_player,second_player,winner,id) values (?,?,?,default)
2026-02-05 18:10:44 DEBUG org.hibernate.SQL - DELETE FROM Matches
2026-02-05 18:10:44 DEBUG org.hibernate.SQL - DELETE FROM Players
2026-02-05 18:15:33 INFO  org.hibernate.Version - HHH000412: Hibernate ORM core version 7.0.8.Final
2026-02-05 18:15:33 INFO  org.hibernate.cfg.Environment - HHH000205: Loaded properties from resource hibernate.properties: {hibernate.connection.driver_class=org.h2.Driver, hibernate.hbm2ddl.auto=create, hibernate.dialect=org.hibernate.dialect.H2Dialect, hibernate.connection.password=****, hibernate.connection.username=sa, hibernate.connection.url=jdbc:h2:mem:./data/scoreboard_db;DB_CLOSE_DELAY=-1, hibernate.connection.pool_size=10, hibernate.current_session_context_class=thread}
2026-02-05 18:15:33 WARN  o.hibernate.orm.connections.pooling - HHH10001002: Using built-in connection pool (not intended for production use)
2026-02-05 18:15:33 WARN  org.hibernate.orm.deprecation - HHH90000025: H2Dialect does not need to be specified explicitly using 'hibernate.dialect' (remove the property setting and it will be selected by default)
2026-02-05 18:15:33 INFO  o.hibernate.orm.connections.pooling - HHH10001005: Database info:
	Database JDBC URL [jdbc:h2:mem:./data/scoreboard_db;DB_CLOSE_DELAY=-1]
	Database driver: org.h2.Driver
	Database version: 2.3.232
	Autocommit mode: false
	Isolation level: undefined/unknown
	Pool: DriverManagerConnectionProviderImpl
	Minimum pool size: 1
	Maximum pool size: 10
2026-02-05 18:15:34 DEBUG org.hibernate.SQL - drop table if exists Matches cascade 
2026-02-05 18:15:34 INFO  o.hibernate.orm.connections.access - HHH10001501: Connection obtained from JdbcConnectionAccess [org.hibernate.engine.jdbc.env.internal.JdbcEnvironmentInitiator$ConnectionProviderJdbcConnectionAccess@32b112a1] for (non-JTA) DDL execution was not in auto-commit mode; the Connection 'local transaction' will be committed and the Connection will be set into auto-commit mode.
2026-02-05 18:15:34 DEBUG org.hibernate.SQL - drop table if exists Players cascade 
2026-02-05 18:15:34 DEBUG org.hibernate.SQL - create table Matches (first_player bigint, id BIGINT generated by default as identity, second_player bigint, winner bigint, primary key (id))
2026-02-05 18:15:34 INFO  o.hibernate.orm.connections.access - HHH10001501: Connection obtained from JdbcConnectionAccess [org.hibernate.engine.jdbc.env.internal.JdbcEnvironmentInitiator$ConnectionProviderJdbcConnectionAccess@467af68c] for (non-JTA) DDL execution was not in auto-commit mode; the Connection 'local transaction' will be committed and the Connection will be set into auto-commit mode.
2026-02-05 18:15:34 DEBUG org.hibernate.SQL - create table Players (id bigint generated by default as identity, name VARCHAR not null unique, primary key (id))
2026-02-05 18:15:34 DEBUG org.hibernate.SQL - alter table if exists Matches add constraint FKn85v5k7x6k5ttvm386a04y703 foreign key (first_player) references Players
2026-02-05 18:15:34 DEBUG org.hibernate.SQL - alter table if exists Matches add constraint FKifkkjnajnfuje5l925oq6qqua foreign key (second_player) references Players
2026-02-05 18:15:34 DEBUG org.hibernate.SQL - alter table if exists Matches add constraint FKppea4u7g9w0udc45cclufj64u foreign key (winner) references Players
2026-02-05 18:15:34 DEBUG org.hibernate.SQL - select p1_0.id,p1_0.name from Players p1_0 where p1_0.name in (?,?)
2026-02-05 18:15:34 DEBUG org.hibernate.SQL - insert into Players (name,id) values (?,default)
2026-02-05 18:15:34 DEBUG org.hibernate.SQL - insert into Players (name,id) values (?,default)
2026-02-05 18:15:34 DEBUG org.hibernate.SQL - insert into Matches (first_player,second_player,winner,id) values (?,?,?,default)
2026-02-05 18:15:34 DEBUG org.hibernate.SQL - select p1_0.id,p1_0.name from Players p1_0 where p1_0.name in (?,?)
2026-02-05 18:15:34 DEBUG org.hibernate.SQL - insert into Players (name,id) values (?,default)
2026-02-05 18:15:34 DEBUG org.hibernate.SQL - insert into Matches (first_player,second_player,winner,id) values (?,?,?,default)
2026-02-05 18:15:34 DEBUG org.hibernate.SQL - DELETE FROM Matches
2026-02-05 18:15:34 DEBUG org.hibernate.SQL - DELETE FROM Players
2026-02-05 18:15:34 DEBUG org.hibernate.SQL - select p1_0.id,p1_0.name from Players p1_0 where p1_0.name in (?,?)
2026-02-05 18:15:34 DEBUG org.hibernate.SQL - insert into Players (name,id) values (?,default)
2026-02-05 18:15:34 DEBUG org.hibernate.SQL - insert into Players (name,id) values (?,default)
2026-02-05 18:15:34 DEBUG org.hibernate.SQL - insert into Matches (first_player,second_player,winner,id) values (?,?,?,default)
2026-02-05 18:15:35 DEBUG org.hibernate.SQL - DELETE FROM Matches
2026-02-05 18:15:35 DEBUG org.hibernate.SQL - DELETE FROM Players
2026-02-05 18:15:35 DEBUG org.hibernate.SQL - select p1_0.id,p1_0.name from Players p1_0 where p1_0.name in (?,?)
2026-02-05 18:15:35 DEBUG org.hibernate.SQL - insert into Players (name,id) values (?,default)
2026-02-05 18:15:35 DEBUG org.hibernate.SQL - insert into Players (name,id) values (?,default)
2026-02-05 18:15:35 DEBUG org.hibernate.SQL - insert into Matches (first_player,second_player,winner,id) values (?,?,?,default)
2026-02-05 18:15:35 DEBUG org.hibernate.SQL - select p1_0.id,p1_0.name from Players p1_0 where p1_0.name in (?,?)
2026-02-05 18:15:35 DEBUG org.hibernate.SQL - insert into Matches (first_player,second_player,winner,id) values (?,?,?,default)
2026-02-05 18:15:35 DEBUG org.hibernate.SQL - DELETE FROM Matches
2026-02-05 18:15:35 DEBUG org.hibernate.SQL - DELETE FROM Players
2026-02-05 18:24:33 INFO  org.hibernate.Version - HHH000412: Hibernate ORM core version 7.0.8.Final
2026-02-05 18:24:33 INFO  org.hibernate.cfg.Environment - HHH000205: Loaded properties from resource hibernate.properties: {hibernate.connection.driver_class=org.h2.Driver, hibernate.hbm2ddl.auto=create, hibernate.dialect=org.hibernate.dialect.H2Dialect, hibernate.connection.password=****, hibernate.connection.username=sa, hibernate.connection.url=jdbc:h2:mem:./data/scoreboard_db;DB_CLOSE_DELAY=-1, hibernate.connection.pool_size=10, hibernate.current_session_context_class=thread}
2026-02-05 18:24:34 WARN  o.hibernate.orm.connections.pooling - HHH10001002: Using built-in connection pool (not intended for production use)
2026-02-05 18:24:34 WARN  org.hibernate.orm.deprecation - HHH90000025: H2Dialect does not need to be specified explicitly using 'hibernate.dialect' (remove the property setting and it will be selected by default)
2026-02-05 18:24:34 INFO  o.hibernate.orm.connections.pooling - HHH10001005: Database info:
	Database JDBC URL [jdbc:h2:mem:./data/scoreboard_db;DB_CLOSE_DELAY=-1]
	Database driver: org.h2.Driver
	Database version: 2.3.232
	Autocommit mode: false
	Isolation level: undefined/unknown
	Pool: DriverManagerConnectionProviderImpl
	Minimum pool size: 1
	Maximum pool size: 10
2026-02-05 18:24:35 DEBUG org.hibernate.SQL - drop table if exists Matches cascade 
2026-02-05 18:24:35 INFO  o.hibernate.orm.connections.access - HHH10001501: Connection obtained from JdbcConnectionAccess [org.hibernate.engine.jdbc.env.internal.JdbcEnvironmentInitiator$ConnectionProviderJdbcConnectionAccess@2b936b04] for (non-JTA) DDL execution was not in auto-commit mode; the Connection 'local transaction' will be committed and the Connection will be set into auto-commit mode.
2026-02-05 18:24:35 DEBUG org.hibernate.SQL - drop table if exists Players cascade 
2026-02-05 18:24:35 DEBUG org.hibernate.SQL - create table Matches (first_player bigint, id BIGINT generated by default as identity, second_player bigint, winner bigint, primary key (id))
2026-02-05 18:24:35 INFO  o.hibernate.orm.connections.access - HHH10001501: Connection obtained from JdbcConnectionAccess [org.hibernate.engine.jdbc.env.internal.JdbcEnvironmentInitiator$ConnectionProviderJdbcConnectionAccess@2e1add6f] for (non-JTA) DDL execution was not in auto-commit mode; the Connection 'local transaction' will be committed and the Connection will be set into auto-commit mode.
2026-02-05 18:24:35 DEBUG org.hibernate.SQL - create table Players (id bigint generated by default as identity, name VARCHAR not null unique, primary key (id))
2026-02-05 18:24:35 DEBUG org.hibernate.SQL - alter table if exists Matches add constraint FKn85v5k7x6k5ttvm386a04y703 foreign key (first_player) references Players
2026-02-05 18:24:35 DEBUG org.hibernate.SQL - alter table if exists Matches add constraint FKifkkjnajnfuje5l925oq6qqua foreign key (second_player) references Players
2026-02-05 18:24:35 DEBUG org.hibernate.SQL - alter table if exists Matches add constraint FKppea4u7g9w0udc45cclufj64u foreign key (winner) references Players
2026-02-05 18:24:35 DEBUG org.hibernate.SQL - select p1_0.id,p1_0.name from Players p1_0 where p1_0.name in (?,?)
2026-02-05 18:24:35 DEBUG org.hibernate.SQL - insert into Players (name,id) values (?,default)
2026-02-05 18:24:35 DEBUG org.hibernate.SQL - insert into Players (name,id) values (?,default)
2026-02-05 18:24:35 DEBUG org.hibernate.SQL - insert into Matches (first_player,second_player,winner,id) values (?,?,?,default)
2026-02-05 18:24:35 DEBUG org.hibernate.SQL - select p1_0.id,p1_0.name from Players p1_0 where p1_0.name in (?,?)
2026-02-05 18:24:35 DEBUG org.hibernate.SQL - insert into Players (name,id) values (?,default)
2026-02-05 18:24:35 DEBUG org.hibernate.SQL - insert into Matches (first_player,second_player,winner,id) values (?,?,?,default)
2026-02-05 18:24:35 DEBUG org.hibernate.SQL - DELETE FROM Matches
2026-02-05 18:24:35 DEBUG org.hibernate.SQL - DELETE FROM Players
2026-02-05 18:24:35 DEBUG org.hibernate.SQL - select p1_0.id,p1_0.name from Players p1_0 where p1_0.name in (?,?)
2026-02-05 18:24:35 DEBUG org.hibernate.SQL - insert into Players (name,id) values (?,default)
2026-02-05 18:24:35 DEBUG org.hibernate.SQL - insert into Players (name,id) values (?,default)
2026-02-05 18:24:35 DEBUG org.hibernate.SQL - insert into Matches (first_player,second_player,winner,id) values (?,?,?,default)
2026-02-05 18:24:35 DEBUG org.hibernate.SQL - DELETE FROM Matches
2026-02-05 18:24:35 DEBUG org.hibernate.SQL - DELETE FROM Players
2026-02-05 18:24:35 DEBUG org.hibernate.SQL - select p1_0.id,p1_0.name from Players p1_0 where p1_0.name in (?,?)
2026-02-05 18:24:35 DEBUG org.hibernate.SQL - insert into Players (name,id) values (?,default)
2026-02-05 18:24:35 DEBUG org.hibernate.SQL - insert into Players (name,id) values (?,default)
2026-02-05 18:24:35 DEBUG org.hibernate.SQL - insert into Matches (first_player,second_player,winner,id) values (?,?,?,default)
2026-02-05 18:24:35 DEBUG org.hibernate.SQL - select p1_0.id,p1_0.name from Players p1_0 where p1_0.name in (?,?)
2026-02-05 18:24:35 DEBUG org.hibernate.SQL - insert into Matches (first_player,second_player,winner,id) values (?,?,?,default)
2026-02-05 18:24:35 DEBUG org.hibernate.SQL - DELETE FROM Matches
2026-02-05 18:24:35 DEBUG org.hibernate.SQL - DELETE FROM Players
